customer_id;first_name;last_name;gender;date_of_birth;email;phone_number;address;city_id;postcode;country_id
CUST97034;Victoria;Hill;Female;1994-06-09;victoria.hill@yahoo.com;7957263192;944 Williams circle;Y2VK;E1 0AB;C001
CUST78652;Ethan;Sharp;Male;2000-06-14;ethan.sharp@outlook.com;7808474504;59 Clive lock;B5VW;M2 1BC;C001
CUST62025;Charlotte;Browne;Female;1982-10-15;charlotte.browne@hotmail.com;7972272513;15 Derek land;XU5I;B3 2CD;C001
CUST38259;Connor;Smith;Male;1986-08-11;connor.smith@gmail.com;7881519870;327 Butler parks;30AN;G4 3DE;C001
CUST53488;Holly;Evans;Female;1997-12-07;holly.evans@hotmail.com;7658408505;390 Lynda bypass;KJRQ;L5 4EF;C001
CUST71644;Linda;Chambers;Female;2003-11-09;linda.chambers@hotmail.com;7582935175;745 Mitchell fall;92R4;LS6 5FG;C001
CUST77363;Erin;Davie;Female;1983-11-23;erin.davie@yahoo.com;7656833626;203 Mohammad rue;PYH6;EH7 6GH;C001
CUST64028;Noah;Owens;Male;1999-12-22;noah.owens@gmail.com;7806311711;354 Simpson walks;7W41;BS8 7HI;C001
CUST93065;Samuel;Buckley;Male;1985-12-03;samuel.buckley@outlook.com;7524886106;921 Pickering point;C6WB;S9 8IJ;C001
CUST24370;Edward;Barnes;Male;1993-01-21;edward.barnes@hotmail.com;7788267644;974 Richardson motorway;XBR7;NG1 9JK;C001
CUST73374;David;Brown;Male;1979-02-06;david.brown@yahoo.com;7592166675;772 Davison way;Y2VK;E2 0KL;C001
CUST72814;Phoebe;Watts;Female;1998-08-22;phoebe.watts@hotmail.com;7154551307;804 Jackson branch;B5VW;M3 1LM;C001
CUST85606;Linda;Anderson;Female;1997-10-01;linda.anderson@outlook.com;7937577760;902 Ashleigh forks;XU5I;B4 2MN;C001
CUST58618;Linda;Williams;Female;1996-01-02;linda.williams@outlook.com;7967968033;298 Reed crescent;30AN;G5 3NO;C001
CUST62492;Megan;Sharp;Female;2002-10-12;megan.sharp@yahoo.com;7535523979;229 Lynn key;KJRQ;L6 4OP;C001
CUST60622;Richard;Walker;Male;2002-02-08;richard.walker@gmail.com;7349540547;557 Law run;92R4;LS7 5PQ;C001
CUST77350;Mia;Reynolds;Female;2003-05-12;mia.reynolds@hotmail.com;7456226632;446 Morgan ford;PYH6;EH8 6QR;C001
CUST18384;Patricia;Brooks;Female;1991-07-20;patricia.brooks@yahoo.com;7899467251;171 Hannah lane;7W41;BS9 7RS;C001
CUST52010;Robert;Jones;Male;2002-04-27;robert.jones@yahoo.com;7138132976;828 Edwards way;C6WB;S1 8ST;C001
CUST91304;Henry;Wilkinson;Male;2006-07-23;henry.wilkinson@outlook.com;7989027455;51 Tony motorway;XBR7;NG2 9TU;C001
CUST17682;Elizabeth;Gibson;Female;1996-04-26;elizabeth.gibson@yahoo.com;7592224891;300 Hancock junction;Y2VK;E3 0UV;C001
CUST21277;Abigail;Day;Female;1987-06-16;abigail.day@outlook.com;7969269513;127 Warren squares;B5VW;M4 1VW;C001
CUST16728;Jennifer;Davies;Female;1992-01-26;jennifer.davies@hotmail.com;7964610774;208 Bryan extensions;XU5I;B5 2WX;C001
CUST22207;Amelia;Wall;Female;1999-01-03;amelia.wall@hotmail.com;7887549017;969 Jayne valley;30AN;G6 3XY;C001
CUST80698;Daisy;Short;Female;2001-02-28;daisy.short@gmail.com;7188812536;126 Antony locks;KJRQ;L7 4YZ;C001
CUST90749;Charlotte;Ashton;Female;2006-12-19;charlotte.ashton@outlook.com;7825868642;837 Bethany roads;92R4;LS8 5ZA;C001
CUST29338;Megan;Brennan;Female;1987-12-27;megan.brennan@yahoo.com;7546793441;749 Kelly haven;PYH6;EH9 6AB;C001
CUST69004;Sasha;Goddard;Other;2002-03-21;sasha.goddard@hotmail.com;7758563689;102 Scott pines;7W41;BS1 7BC;C001
CUST40174;Ethan;Bishop;Male;2000-10-27;ethan.bishop@outlook.com;7783682844;525 James shoals;C6WB;S2 8CD;C001
CUST49525;Harrison;Walton;Male;1999-10-23;harrison.walton@gmail.com;7877142665;777 Griffiths drive;XBR7;NG3 9DE;C001
CUST96160;Connor;Hancock;Male;2000-10-09;connor.hancock@hotmail.com;7760518298;305 McKenzie underpass;Y2VK;E4 0EF;C001
CUST50801;David;Lewis;Male;1999-12-16;david.lewis@gmail.com;7590480939;79 Murray prairie;B5VW;M5 1FG;C001
CUST59807;Charles;Gardner;Male;2000-10-27;charles.gardner@yahoo.com;7687384396;8 Hyde highway;XU5I;B6 2GH;C001
CUST60137;Michael;Allen;Male;2004-11-05;michael.allen@yahoo.com;7815928868;291 Gillian pine;30AN;G7 3HI;C001
CUST19921;Emma;Holden;Female;1996-08-18;emma.holden@yahoo.com;7917353133;533 Kirby club;KJRQ;L8 4IJ;C001
CUST25085;Elizabeth;Horton;Female;1993-09-15;elizabeth.horton@gmail.com;7339361181;403 Smith dale;92R4;LS9 5JK;C001
CUST93245;Zachary;Cartwright;Male;1998-02-07;zachary.cartwright@outlook.com;7386412127;873 Rosie roads;PYH6;EH1 6KL;C001
CUST92845;Megan;Phillips;Female;1994-02-26;megan.phillips@yahoo.com;7903118674;577 Sandra way;7W41;BS2 7LM;C001
CUST51798;Oscar;Chapman;Male;1993-02-17;oscar.chapman@outlook.com;7491043769;200 Edwards drives;C6WB;S3 8MN;C001
CUST67406;Lucy;Scott;Female;1990-09-07;lucy.scott@hotmail.com;7840267592;515 Luke road;XBR7;NG4 9NO;C001
CUST14646;Harrison;Chambers;Male;1993-12-09;harrison.chambers@yahoo.com;7637125121;528 Grace shoals;Y2VK;E5 0OP;C001
CUST67123;Joseph;Robertson;Male;1991-07-08;joseph.robertson@hotmail.com;7247395885;313 Moore lodge;B5VW;M6 1PQ;C001
CUST46936;Charlotte;Jordan;Female;1985-07-18;charlotte.jordan@yahoo.com;7921484111;86 Henderson hollow;XU5I;B7 2QR;C001
CUST13905;Noah;Butler;Male;1973-09-24;noah.butler@hotmail.com;7254607095;406 Jessica tunnel;30AN;G8 3RS;C001
CUST84871;Rebecca;Franklin;Female;1991-07-25;rebecca.franklin@hotmail.com;7650373074;496 Colin rue;KJRQ;L9 4ST;C001
CUST18436;Sarah;Potter;Female;2003-04-12;sarah.potter@yahoo.com;7664036851;83 Mohamed summit;92R4;LS1 5TU;C001
CUST47951;Toby;Holmes;Male;1979-04-06;toby.holmes@hotmail.com;7836492497;959 Hall ranch;7W41;BS3 7VW;C001
CUST60806;Sophie;Rose;Female;1997-07-06;sophie.rose@gmail.com;7312125572;913 Riley ports;C6WB;S4 8WX;C001
CUST93554;Erin;Walsh;Female;1992-11-28;erin.walsh@gmail.com;7394411048;161 Wilson keys;XBR7;NG5 9XY;C001
CUST21615;Erin;Davies;Female;2000-06-04;erin.davies@yahoo.com;7936829174;180 Newton knolls;Y2VK;E6 0YZ;C001
CUST63407;Karen;Miah;Female;1986-07-21;karen.miah@hotmail.com;7339070225;880 Kayleigh mountains;B5VW;M7 1ZA;C001
CUST78528;Luke;Fletcher;Male;1994-12-28;luke.fletcher@gmail.com;7567623672;704 Power points;XU5I;B8 2AB;C001
CUST16273;Thomas;Moss;Male;2065-12-15;thomas.moss@outlook.com;7208036429;410 Janet roads;30AN;G9 3BC;C001
CUST34207;Barbara;Lewis;Female;1994-07-18;barbara.lewis@yahoo.com;7297302109;688 Perry street;KJRQ;L1 4CD;C001
CUST13481;Jayden;Morris;Male;1979-12-09;jayden.morris@outlook.com;7117335326;686 Holland turnpike;92R4;LS2 5DE;C001
CUST42494;Amber;Cooper;Female;1975-03-03;amber.cooper@hotmail.com;7561603310;664 Jennifer brooks;PYH6;EH3 6EF;C001
CUST25499;Barbara;Cook;Female;1993-01-08;barbara.cook@outlook.com;7983729498;475 Robson point;7W41;BS4 7FG;C001
CUST44470;George;Bates;Male;1999-07-13;george.bates@hotmail.com;7481620798;75 Joanna crescent;C6WB;S5 8GH;C001
CUST21651;Susan;Dixon;Female;1973-03-16;susan.dixon@gmail.com;7130517219;890 Butler radial;XBR7;NG6 9HI;C001
CUST87284;Amelia;Simpson;Female;1991-06-06;amelia.simpson@hotmail.com;7648191082;881 Melanie land;Y2VK;E7 0IJ;C001
CUST61571;Emily;Riley;Female;2002-07-19;emily.riley@outlook.com;7685810758;82 Colin extensions;B5VW;M8 1JK;C001
CUST43478;Robert;Fuller;Male;1973-03-17;robert.fuller@outlook.com;7445131124;405 Jonathan orchard;XU5I;B9 2KL;C001
CUST51588;Mary;Lane;Female;2004-05-03;mary.lane@yahoo.com;7343368081;873 Maurice fall;30AN;G1 3LM;C001
CUST53281;Ethan;Smith;Male;2006-03-16;ethan.smith@hotmail.com;7625672576;403 Frederick prairie;KJRQ;L2 4MN;C001
CUST37912;Jennifer;Burns;Female;1996-04-12;jennifer.burns@hotmail.com;7385222494;664 Charlie ridge;92R4;LS3 5NO;C001
CUST35304;Michael;Fuller;Male;1996-06-07;michael.fuller@hotmail.com;7682459905;420 Mark mission;PYH6;EH4 6OP;C001
CUST23368;Eleanor;Richardson;Female;2005-12-27;eleanor.richardson@outlook.com;7554474500;283 Maria mount;7W41;BS5 7PQ;C001
CUST87213;Harriet;Robinson;Female;2001-12-20;harriet.robinson@hotmail.com;7241497958;912 Dean pass;C6WB;S6 8QR;C001
CUST77852;Katie;Carr;Female;2005-12-25;katie.carr@gmail.com;7900978942;457 Turner flat;XBR7;NG7 9RS;C001
CUST65093;Jayden;Simpson;Male;2003-11-26;jayden.simpson@hotmail.com;7804846598;536 Keith well;Y2VK;E8 0ST;C001
CUST84914;Katie;Robinson;Female;2006-11-11;katie.robinson@outlook.com;7991376486;881 Lisa rue;B5VW;M9 1TU;C001
CUST26668;Jessica;Clark;Female;2000-06-19;jessica.clark@outlook.com;7701717748;474 Shannon throughway;XU5I;B1 2UV;C001
CUST45569;Erin;Begum;Female;1988-07-01;erin.begum@hotmail.com;7708774322;496 Evans islands;30AN;G2 3VW;C001
CUST32145;Ellie;Richards;Female;1987-08-03;ellie.richards@outlook.com;7609202059;947 Spencer trace;KJRQ;L3 4WX;C001
CUST35460;Elizabeth;Henderson;Female;2006-03-22;elizabeth.henderson@outlook.com;7288599401;430 Stewart spur;92R4;LS4 5XY;C001
CUST28877;Susan;Lewis;Female;1992-08-23;susan.lewis@gmail.com;7143584602;215 Louise mount;PYH6;EH5 6YZ;C001
CUST38265;Rebecca;Steele;Female;2000-12-26;rebecca.steele@gmail.com;7699976179;86 Butler harbors;7W41;BS6 7ZA;C001
CUST98258;Emma;Wilson;Female;1998-10-13;emma.wilson@yahoo.com;7593397156;373 Gray hills;C6WB;S7 8AB;C001
CUST56738;Daisy;Norman;Female;1976-09-03;daisy.norman@hotmail.com;7518522995;403 Rachael ridges;XBR7;NG8 9BC;C001
CUST17768;Linda;Barker;Female;1995-11-18;linda.barker@outlook.com;7191744173;259 Lydia falls;Y2VK;E9 0CD;C001
CUST90555;Jennifer;Yates;Female;2000-08-24;jennifer.yates@gmail.com;7240370250;918 Arnold extensions;B5VW;M1 1DE;C001
CUST57599;Adam;Perkins;Male;2002-03-13;adam.perkins@yahoo.com;7597299619;723 Clive pike;XU5I;B2 2EF;C001
CUST60165;Emily;Sharp;Female;1982-07-03;emily.sharp@yahoo.com;7915751316;230 Charlie island;30AN;G3 3FG;C001
CUST35795;Holly;Bevan;Female;1973-11-19;holly.bevan@hotmail.com;7509627789;634 Matthew ford;KJRQ;L4 4GH;C001
CUST92874;Benjamin;Griffiths;Male;1980-12-17;benjamin.griffiths@gmail.com;7966217826;489 Glenn lodge;92R4;LS5 5HI;C001
CUST40685;Jennifer;Abbott;Female;1992-12-01;jennifer.abbott@outlook.com;7580880307;8 Beth valley;PYH6;EH6 6IJ;C001
CUST37958;Katie;Cox;Female;1973-09-25;katie.cox@hotmail.com;7724513221;503 Sean path;7W41;BS7 7JK;C001
CUST26127;Mia;Curtis;Female;1989-07-20;mia.curtis@yahoo.com;7842263762;39 Dean pines;C6WB;S8 8KL;C001
CUST44688;Barbara;Little;Female;1998-03-20;barbara.little@gmail.com;7630398775;611 Mary terrace;XBR7;NG9 9LM;C001
CUST85115;Daisy;Murphy;Female;2000-10-19;daisy.murphy@gmail.com;7269485568;657 Patel island;Y2VK;E1 0MN;C001
CUST65515;Sarah;Browne;Female;2002-12-07;sarah.browne@hotmail.com;7809305018;893 Roberts station;B5VW;M2 1NO;C001
CUST39653;Katie;Clark;Female;1994-07-15;katie.clark@outlook.com;7600939840;747 Denise stream;XU5I;B3 2OP;C001
CUST88384;Isla;Gibson;Female;1987-05-28;isla.gibson@yahoo.com;7804109869;17 Jones stream;30AN;G4 3PQ;C001
CUST94804;Amelia;Jennings;Female;1993-12-11;amelia.jennings@gmail.com;7670693396;936 Naomi oval;KJRQ;L5 4QR;C001
CUST14341;Callum;Barker;Male;1991-06-04;callum.barker@hotmail.com;7452532581;110 Brown causeway;92R4;LS6 5RS;C001
CUST46280;Olivia;Thompson;Female;1994-03-19;olivia.thompson@gmail.com;7869095315;471 Elliott keys;PYH6;EH7 6ST;C001
CUST36665;Charlie;Coles;Male;1991-10-06;charlie.coles@yahoo.com;7562279637;420 Craig extension;7W41;BS8 7TU;C001
CUST18780;Katie;Smith;Female;1988-10-28;katie.smith@gmail.com;7683015702;126 Johnson summit;C6WB;S9 8UV;C001
CUST69945;Samuel;Knight;Male;1993-04-20;samuel.knight@outlook.com;7885054388;236 Jackson centers;XBR7;NG1 9VW;C001
CUST67703;Luke;Brown;Male;1995-03-04;luke.brown@yahoo.com;7724415605;936 Brown meadows;Y2VK;E2 0WX;C001
CUST80354;Barbara;Collins;Female;2006-07-10;barbara.collins@hotmail.com;7307821333;631 Amy port;B5VW;M3 1XY;C001
CUST11397;Michael;Humphreys;Male;1994-05-12;michael.humphreys@outlook.com;7331249165;671 Hall crest;XU5I;B4 2YZ;C001
CUST91237;Karen;Thompson;Female;1993-03-04;karen.thompson@yahoo.com;7844202130;338 Moore track;30AN;G5 3ZA;C001
CUST36059;Sophie;Knight;Female;1983-03-20;sophie.knight@gmail.com;7202655689;106 Lee manor;KJRQ;L6 4AB;C001
CUST64527;Jessica;Byrne;Female;1997-04-03;jessica.byrne@hotmail.com;7141191910;339 Sian lakes;92R4;LS7 5BC;C001
CUST59197;Harry;Hale;Male;1994-05-27;harry.hale@gmail.com;7883781901;729 Naomi green;PYH6;EH8 6CD;C001
CUST60376;Nathan;Ahmed;Male;2001-05-26;nathan.ahmed@gmail.com;7712386794;932 Sarah divide;7W41;BS9 7DE;C001
CUST54993;Holly;Hamilton;Female;2006-05-25;holly.hamilton@gmail.com;7853653918;672 Dixon harbors;C6WB;S1 8EF;C001
CUST30663;Barbara;Leonard;Female;2002-04-19;barbara.leonard@gmail.com;7527619854;819 Jackson mountain;XBR7;NG2 9FG;C001
CUST97457;Jennifer;Henry;Female;1974-09-17;jennifer.henry@yahoo.com;7564078962;252 Davis crescent;Y2VK;E3 0GH;C001
CUST45912;Luke;Wright;Male;2002-12-07;luke.wright@outlook.com;7862841792;572 Stanley freeway;B5VW;M4 1HI;C001
CUST73894;Edward;Johnson;Male;2002-06-20;edward.johnson@hotmail.com;7658515500;122 Vincent isle;XU5I;B5 2IJ;C001
CUST16387;Harrison;Jackson;Male;1981-08-08;harrison.jackson@gmail.com;7180661222;979 Fiona fords;30AN;G6 3JK;C001
CUST14037;Benjamin;Bond;Male;1985-11-24;benjamin.bond@hotmail.com;7587539813;554 Saunders pike;KJRQ;L7 4KL;C001
CUST55495;Rebecca;Whittaker;Female;1987-08-13;rebecca.whittaker@hotmail.com;7347619609;178 Josephine causeway;92R4;LS8 5LM;C001
CUST33151;Harriet;Begum;Female;1999-10-22;harriet.begum@yahoo.com;7478391546;901 Janet springs;PYH6;EH9 6MN;C001
CUST35569;Amber;Smith;Female;2001-01-07;amber.smith@hotmail.com;7186030172;819 Ian brook;7W41;BS1 7NO;C001
CUST14827;Anna;Smith;Female;1988-09-04;anna.smith@outlook.com;7147061355;68 Jenna knolls;C6WB;S2 8OP;C001
CUST97251;Olivia;Watson;Female;1998-05-02;olivia.watson@yahoo.com;7813367003;250 Taylor lodge;XBR7;NG3 9PQ;C001
CUST53264;Harry;Clayton;Male;1996-06-22;harry.clayton@hotmail.com;7757191580;747 Eric point;Y2VK;E4 0QR;C001
CUST30894;Daisy;Ahmed;Female;1995-07-13;daisy.ahmed@yahoo.com;7669562366;631 Dean pines;B5VW;M5 1RS;C001
CUST49632;James;Ward;Male;1990-08-17;james.ward@hotmail.com;7440072066;695 Parker creek;XU5I;B6 2ST;C001
CUST25071;Harper;Horton;Other;2001-12-10;harper.horton@gmail.com;7988354499;951 Reynolds fork;30AN;G7 3TU;C001
CUST30751;Oscar;Hughes;Male;2000-07-23;oscar.hughes@yahoo.com;7368599301;128 Anna mission;KJRQ;L8 4UV;C001
CUST16821;Ethan;Miah;Male;2001-01-26;ethan.miah@hotmail.com;7644338301;6 Weston trail;92R4;LS9 5VW;C001
CUST13740;Sophie;Robinson;Female;2005-03-16;sophie.robinson@hotmail.com;7410433430;704 White oval;PYH6;EH1 6WX;C001
CUST75953;Eleanor;Roberts;Female;1994-09-20;eleanor.roberts@outlook.com;7105009853;215 Eileen stream;7W41;BS2 7XY;C001
CUST98490;Charlotte;Oliver;Female;1989-07-02;charlotte.oliver@outlook.com;7715782590;648 Justin center;C6WB;S3 8YZ;C001
CUST43401;Madison;Arnold;Female;2004-01-23;madison.arnold@outlook.com;7159175461;206 Taylor loaf;XBR7;NG4 9ZA;C001
CUST79912;Morgan;Armstrong;Other;1970-11-06;morgan.armstrong@outlook.com;7649736799;376 Ross plaza;Y2VK;E5 0AB;C001
CUST74689;Isla;Stokes;Female;1986-06-05;isla.stokes@yahoo.com;7686510088;370 Williams burg;B5VW;M6 1BC;C001
CUST16498;Emma;Goddard;Female;2005-11-01;emma.goddard@gmail.com;7732734441;343 James bridge;XU5I;B7 2CD;C001
CUST94382;Madison;Thompson;Female;1986-01-22;madison.thompson@yahoo.com;7102701008;111 Vincent prairie;30AN;G8 3DE;C001
CUST95551;Adam;Jenkins;Male;1991-08-13;adam.jenkins@gmail.com;7347033829;674 Heather locks;KJRQ;L9 4EF;C001
CUST83336;Linda;Johns;Female;2006-11-04;linda.johns@hotmail.com;7314141433;11 Franklin ford;92R4;LS1 5FG;C001
CUST14428;Hannah;Hughes;Female;1986-11-09;hannah.hughes@hotmail.com;7613546461;49 Hugh bridge;PYH6;EH2 6GH;C001
CUST10889;Oscar;Bray;Male;1988-06-01;oscar.bray@outlook.com;7393053487;158 Jessica canyon;7W41;BS3 7HI;C001
CUST61601;Isabella;Peacock;Female;2003-04-06;isabella.peacock@yahoo.com;7641315379;917 Alexander row;C6WB;S4 8IJ;C001
CUST27894;Charlie;Stone;Male;1992-01-27;charlie.stone@outlook.com;7149086501;478 Brown row;XBR7;NG5 9JK;C001
CUST24205;Anna;Woods;Female;2000-07-25;anna.woods@outlook.com;7621680053;227 Suzanne plaza;Y2VK;E6 0KL;C001
CUST41834;Lauren;Patel;Female;1986-10-01;lauren.patel@hotmail.com;7748293529;724 Barry hollow;B5VW;M7 1LM;C001
CUST90137;Victoria;Williams;Female;2000-08-06;victoria.williams@gmail.com;7363313492;979 Dominic trace;XU5I;B8 2MN;C001
CUST51016;Zachary;Hunt;Male;1983-02-16;zachary.hunt@outlook.com;7853708453;665 Smith circles;30AN;G9 3NO;C001
CUST26132;Jack;Brown;Male;2003-03-18;jack.brown@yahoo.com;7229979496;718 Victor parks;KJRQ;L1 4OP;C001
CUST93857;Jordan;Barry;Other;1999-05-13;jordan.barry@hotmail.com;7511737169;694 Dennis extensions;92R4;LS2 5PQ;C001
CUST17459;Mary;James;Female;1997-02-13;mary.james@yahoo.com;7283215621;369 Dean pine;PYH6;EH3 6QR;C001
CUST92779;Elizabeth;Miller;Female;1987-11-14;elizabeth.miller@outlook.com;7939806578;416 Lewis freeway;7W41;BS4 7RS;C001
CUST43463;Charlie;Johnson;Male;2005-11-15;charlie.johnson@outlook.com;7392419845;862 Chapman prairie;C6WB;S5 8ST;C001
CUST25961;Thomas;Gough;Male;1993-02-02;thomas.gough@outlook.com;7602904806;120 Jennifer extension;XBR7;NG6 9TU;C001
CUST43484;Lauren;Parry;Female;1993-07-13;lauren.parry@hotmail.com;7133113430;52 Elaine estate;Y2VK;E7 0UV;C001
CUST82550;Nathan;Walton;Male;2002-09-12;nathan.walton@gmail.com;7170512388;226 Edwards fort;B5VW;M8 1VW;C001
CUST41198;Lucy;Davison;Female;1985-07-24;lucy.davison@gmail.com;7902323378;943 Harrison hill;30AN;G1 3XY;C001
CUST47480;Isla;Cunningham;Female;1987-09-08;isla.cunningham@outlook.com;7521817578;344 Alexander shoal;KJRQ;L2 4YZ;C001
CUST91220;Callum;Knight;Male;2006-07-18;callum.knight@yahoo.com;7201259598;741 Bell avenue;92R4;LS3 5ZA;C001
CUST89349;Harry;Perkins;Male;1994-05-19;harry.perkins@gmail.com;7630250056;776 Eileen course;PYH6;EH4 6AB;C001
CUST44861;Mary;Stokes;Female;1997-11-24;mary.stokes@outlook.com;7505955812;586 Yvonne square;7W41;BS5 7BC;C001
CUST39525;Freya;Smart;Female;1998-05-17;freya.smart@outlook.com;7247248300;160 Suzanne village;C6WB;S6 8CD;C001
CUST62809;George;Joyce;Male;2000-12-26;george.joyce@outlook.com;7541524875;325 Shepherd cape;XBR7;NG7 9DE;C001
CUST37940;Richard;Young;Male;1996-02-21;richard.young@yahoo.com;7239235686;427 Amanda causeway;Y2VK;E8 0EF;C001
CUST93870;John;Johnson;Male;1985-09-13;john.johnson@hotmail.com;7587487033;858 Kyle tunnel;B5VW;M9 1FG;C001
CUST64606;Freya;Perry;Female;1988-07-25;freya.perry@hotmail.com;7981113980;359 Williams lane;XU5I;B1 2GH;C001
CUST68793;Mia;Armstrong;Female;2000-06-26;mia.armstrong@hotmail.com;7397318045;711 Taylor courts;30AN;G2 3HI;C001
CUST14214;Susan;Wright;Female;1990-08-22;susan.wright@gmail.com;7941537832;608 Owens haven;KJRQ;L3 4IJ;C001
CUST94248;William;Bibi;Male;1972-10-26;william.bibi@hotmail.com;7844446026;760 Gregory forks;92R4;LS4 5JK;C001
CUST44555;Rebecca;Bennett;Female;2003-10-23;rebecca.bennett@outlook.com;7297182560;450 Jenkins stream;PYH6;EH5 6KL;C001
CUST26823;Noah;Carter;Male;1984-02-26;noah.carter@yahoo.com;7676483730;343 Walton radial;7W41;BS6 7LM;C001
CUST51271;Zachary;Woods;Male;1970-04-04;zachary.woods@yahoo.com;7951171875;474 Richard spurs;C6WB;S7 8MN;C001
CUST10709;Jennifer;Moore;Female;1981-08-23;jennifer.moore@outlook.com;7934294760;917 Barrett fields;XBR7;NG8 9NO;C001
CUST80969;Emily;King;Female;2001-04-02;emily.king@hotmail.com;7687986093;180 Josh orchard;Y2VK;E9 0OP;C001
CUST14184;David;Wilkinson;Male;1997-07-23;david.wilkinson@hotmail.com;7966630172;886 Lynch divide;B5VW;M1 1PQ;C001
CUST59964;Charlotte;Carter;Female;2000-06-18;charlotte.carter@gmail.com;7819752537;168 Derek isle;XU5I;B2 2QR;C001
CUST12173;Jack;Page;Male;1997-04-16;jack.page@outlook.com;7291768746;516 Shaw fields;30AN;G3 3RS;C001
CUST35718;Jasmine;Whittaker;Female;1986-04-19;jasmine.whittaker@outlook.com;7933112449;61 Briggs trafficway;KJRQ;L4 4ST;C001
CUST47264;Amber;Green;Female;1996-10-13;amber.green@yahoo.com;7954310517;924 Damian prairie;92R4;LS5 5TU;C001
CUST95109;Ethan;Thompson;Male;1989-02-28;ethan.thompson@outlook.com;7764691056;953 Walker knoll;PYH6;EH6 6UV;C001
CUST41893;Robert;Parry;Male;2005-08-06;robert.parry@gmail.com;7374899127;646 David flats;7W41;BS7 7VW;C001
CUST63460;Mia;Power;Female;1987-12-10;mia.power@outlook.com;7674573542;256 Sheila isle;C6WB;S8 8WX;C001
CUST62821;Isabella;Morris;Female;1995-08-14;isabella.morris@yahoo.com;7404836590;798 Morgan route;XBR7;NG9 9XY;C001
CUST89424;Benjamin;Lewis;Male;1997-09-16;benjamin.lewis@hotmail.com;7944152224;923 Ellie loaf;Y2VK;E1 0YZ;C001
CUST53754;Lewis;Lambert;Male;2065-07-17;lewis.lambert@hotmail.com;7700873547;298 Storey heights;B5VW;M2 1ZA;C001
CUST24755;Thomas;Bartlett;Male;1988-12-03;thomas.bartlett@outlook.com;7783252397;645 O'Brien parkways;XU5I;B3 2AB;C001
CUST21540;Holly;Lynch;Female;2006-01-04;holly.lynch@hotmail.com;7532325177;796 Jade road;30AN;G4 3BC;C001
CUST59284;Nathan;Cooper;Male;1993-02-07;nathan.cooper@yahoo.com;7377532206;182 Smith shoal;KJRQ;L5 4CD;C001
CUST69829;Emma;Shepherd;Female;2065-01-01;emma.shepherd@outlook.com;7269694552;353 Brown stravenue;92R4;LS6 5DE;C001
CUST75951;Jack;Jones;Male;1976-02-26;jack.jones@outlook.com;7363694368;461 Hilary trafficway;PYH6;EH7 6EF;C001
CUST31131;Linda;Cooke;Female;1989-10-18;linda.cooke@gmail.com;7821304369;622 Jones freeway;7W41;BS8 7FG;C001
CUST90866;Nathan;Johnson;Male;1976-09-08;nathan.johnson@yahoo.com;7233344426;942 Jones throughway;C6WB;S9 8GH;C001
CUST80543;Jack;Saunders;Male;1993-09-08;jack.saunders@hotmail.com;7191966828;34 Rosie field;XBR7;NG1 9HI;C001
CUST40042;Nathan;Coleman;Male;2006-07-26;nathan.coleman@yahoo.com;7775948808;246 Wallace motorway;Y2VK;E2 0IJ;C001
CUST48280;Daisy;Barry;Female;2006-11-28;daisy.barry@gmail.com;7832207284;981 Beth lock;B5VW;M3 1JK;C001
CUST45851;Liam;Cooper;Male;2002-07-26;liam.cooper@yahoo.com;7719073570;236 Russell canyon;XU5I;B4 2KL;C001
CUST87720;Victoria;Mitchell;Female;1987-01-19;victoria.mitchell@hotmail.com;7305709198;51 Bernard glens;30AN;G5 3LM;C001
CUST63811;Joseph;Howard;Male;2002-06-22;joseph.howard@yahoo.com;7803814494;182 Shane drive;KJRQ;L6 4MN;C001
CUST51506;Lauren;Collins;Female;1982-04-20;lauren.collins@yahoo.com;7929567968;976 Alex light;92R4;LS7 5NO;C001
CUST82571;Phoebe;Graham;Female;1992-12-01;phoebe.graham@hotmail.com;7801123327;457 Taylor hollow;PYH6;EH8 6OP;C001
CUST10429;Charlie;Smith;Male;1992-05-26;charlie.smith@outlook.com;7859168504;875 Kim parks;7W41;BS9 7PQ;C001
CUST49436;Joshua;Kennedy;Male;2000-03-21;joshua.kennedy@gmail.com;7490790074;339 Diane squares;C6WB;S1 8QR;C001
CUST84253;Lauren;Jones;Female;1988-08-23;lauren.jones@outlook.com;7104970810;135 Yates spurs;XBR7;NG2 9RS;C001
CUST17236;Daisy;Martin;Female;1996-12-18;daisy.martin@gmail.com;7436426726;716 Amy locks;Y2VK;E3 0ST;C001
CUST88154;Ellie;Harvey;Female;1998-05-13;ellie.harvey@hotmail.com;7208122592;929 William path;B5VW;M4 1TU;C001
CUST80936;Jake;Hughes;Male;1987-01-25;jake.hughes@gmail.com;7774583344;71 Bolton track;XU5I;B5 2UV;C001
CUST86105;Anna;Page;Female;2005-06-23;anna.page@gmail.com;7208508205;594 Olivia hollow;30AN;G6 3VW;C001
CUST93505;Emma;Robson;Female;1990-04-15;emma.robson@outlook.com;7302331972;866 Toby crossroad;KJRQ;L7 4WX;C001
CUST96870;Casey;Cook;Other;2004-04-28;casey.cook@outlook.com;7852414384;804 Reece valley;92R4;LS8 5XY;C001
CUST25086;Patricia;Garner;Female;2002-02-03;patricia.garner@gmail.com;7135261588;919 Frank throughway;PYH6;EH9 6YZ;C001
CUST44699;Ryan;Marshall;Male;1969-05-12;ryan.marshall@outlook.com;7230124612;763 Shane squares;7W41;BS1 7ZA;C001
CUST69084;Adam;Price;Male;1990-10-21;adam.price@outlook.com;7543620297;759 Georgia drive;C6WB;S2 8AB;C001
CUST18898;Rebecca;Cunningham;Female;1986-12-16;rebecca.cunningham@gmail.com;7669160206;789 Sam mountain;XBR7;NG3 9BC;C001
CUST54536;Jessica;Powell;Female;2065-01-04;jessica.powell@hotmail.com;7403593038;720 Linda trace;Y2VK;E4 0CD;C001
CUST59536;Harper;Warner;Other;2005-11-23;harper.warner@hotmail.com;7184771494;42 Marshall heights;B5VW;M5 1DE;C001
CUST47353;Henry;Edwards;Male;1998-03-25;henry.edwards@yahoo.com;7504962175;569 William stravenue;XU5I;B6 2EF;C001
CUST33264;James;Walker;Male;1995-10-13;james.walker@hotmail.com;7712541293;180 Jamie mission;30AN;G7 3FG;C001
CUST17363;Emily;Begum;Female;1999-01-04;emily.begum@outlook.com;7940159010;6 Thompson parkway;KJRQ;L8 4GH;C001
CUST30271;Callum;Jones;Male;2000-04-16;callum.jones@yahoo.com;7654196309;841 Lynda avenue;92R4;LS9 5HI;C001
CUST30307;Sarah;Stevenson;Female;1996-11-26;sarah.stevenson@yahoo.com;7766133960;839 Taylor cliff;PYH6;EH1 6IJ;C001
CUST64921;Madison;Lloyd;Female;2006-03-02;madison.lloyd@outlook.com;7468940431;416 Smith plain;7W41;BS2 7JK;C001
CUST17766;John;Robinson;Male;2000-03-24;john.robinson@hotmail.com;7387301527;305 Andrew camp;C6WB;S3 8KL;C001
CUST36276;Harry;Barry;Male;1976-05-08;harry.barry@yahoo.com;7956624598;417 Fiona orchard;XBR7;NG4 9LM;C001
CUST35944;Harriet;Buckley;Female;2006-07-24;harriet.buckley@hotmail.com;7226352629;559 Morgan mall;Y2VK;E5 0MN;C001
CUST18288;Emily;Page;Female;1986-10-17;emily.page@yahoo.com;7722049420;718 King port;B5VW;M6 1NO;C001
CUST48747;Jennifer;Jones;Female;1997-07-21;jennifer.jones@hotmail.com;7165374661;347 Lyons ridge;XU5I;B7 2OP;C001
CUST16580;Patricia;Mason;Female;1978-07-06;patricia.mason@hotmail.com;7757847623;797 Yvonne harbor;30AN;G8 3PQ;C001
CUST43226;Emily;Bell;Female;1982-09-06;emily.bell@yahoo.com;7964683375;976 McCarthy mount;KJRQ;L9 4QR;C001
CUST26601;Madison;Howard;Female;2000-01-05;madison.howard@hotmail.com;7994220858;51 Frances square;92R4;LS1 5RS;C001
CUST78637;Henry;Hale;Male;1985-02-28;henry.hale@outlook.com;7453937062;916 Antony groves;PYH6;EH2 6ST;C001
CUST80046;Megan;Barnes;Female;1998-09-16;megan.barnes@gmail.com;7991502130;880 Carr forest;7W41;BS3 7TU;C001
CUST91086;Toby;Wright;Male;2006-06-04;toby.wright@gmail.com;7783422177;222 Jeremy street;C6WB;S4 8UV;C001
CUST43900;Patricia;Stewart;Female;1998-10-20;patricia.stewart@outlook.com;7494254395;319 Guy valley;XBR7;NG5 9VW;C001
CUST67610;Daniel;Jones;Male;1999-09-11;daniel.jones@hotmail.com;7438407323;492 Evans green;Y2VK;E6 0WX;C001
CUST56316;Zachary;Williams;Male;1985-03-17;zachary.williams@yahoo.com;7120161627;292 Marilyn circles;B5VW;M7 1XY;C001
CUST96739;Ethan;Davis;Male;2005-09-12;ethan.davis@yahoo.com;7278692645;873 Rebecca cliffs;XU5I;B8 2YZ;C001
CUST77139;Erin;Hayes;Female;1977-07-14;erin.hayes@outlook.com;7331422114;783 David trail;30AN;G9 3ZA;C001
CUST29989;William;Swift;Male;1972-01-21;william.swift@gmail.com;7473053438;526 Glen lane;KJRQ;L1 4AB;C001
CUST50005;Lewis;Woods;Male;1993-07-17;lewis.woods@hotmail.com;7891135113;493 Johnson haven;92R4;LS2 5BC;C001
CUST35949;Ellie;Allen;Female;1973-06-26;ellie.allen@hotmail.com;7436210569;380 Lee fords;PYH6;EH3 6CD;C001
CUST83587;Sophie;Jones;Female;1989-02-27;sophie.jones@hotmail.com;7466056230;693 Day summit;7W41;BS4 7DE;C001
CUST21014;Jayden;Hughes;Male;1993-08-14;jayden.hughes@yahoo.com;7240832243;555 Bell tunnel;C6WB;S5 8EF;C001
CUST73447;Sarah;Curtis;Female;2000-09-24;sarah.curtis@outlook.com;7765552973;726 Russell mill;XBR7;NG6 9FG;C001
CUST94318;Jack;Hussain;Male;1996-06-03;jack.hussain@yahoo.com;7167020726;847 Holly forges;Y2VK;E7 0GH;C001
CUST36141;Holly;Knowles;Female;1988-07-16;holly.knowles@gmail.com;7621334076;271 Tracey mountain;B5VW;M8 1HI;C001
CUST38594;Rebecca;Booth;Female;1987-07-17;rebecca.booth@outlook.com;7150287068;95 Russell rapid;XU5I;B9 2IJ;C001
CUST64952;Robert;Quinn;Male;1971-08-20;robert.quinn@hotmail.com;7906904351;882 Hill fields;30AN;G1 3JK;C001
CUST52062;Karen;Bates;Female;2068-05-12;karen.bates@gmail.com;7867268111;54 Anne harbors;KJRQ;L2 4KL;C001
CUST49266;Isabella;James;Female;2002-04-28;isabella.james@gmail.com;7561286279;345 Johnson prairie;92R4;LS3 5LM;C001
CUST46431;Jessica;Taylor;Female;2006-08-20;jessica.taylor@yahoo.com;7261697939;871 Baker fort;PYH6;EH4 6MN;C001
CUST27189;Madison;Smith;Female;1982-09-17;madison.smith@yahoo.com;7486153773;762 Paul station;7W41;BS5 7NO;C001
CUST15095;Charlotte;Fletcher;Female;1994-05-21;charlotte.fletcher@hotmail.com;7297323628;897 Georgina gardens;C6WB;S6 8OP;C001
CUST22037;Jennifer;Wood;Female;1979-10-18;jennifer.wood@hotmail.com;7796570058;188 Mary lane;XBR7;NG7 9PQ;C001
CUST50930;Abigail;Rees;Female;1990-09-26;abigail.rees@yahoo.com;7334362937;296 Taylor haven;Y2VK;E8 0QR;C001
CUST54293;Nathan;Collier;Male;1983-07-11;nathan.collier@yahoo.com;7639153529;612 Melanie glen;B5VW;M9 1RS;C001
CUST52290;Erin;Robinson;Female;1989-11-28;erin.robinson@yahoo.com;7670531426;593 Barnett estate;XU5I;B1 2ST;C001
CUST89916;Zachary;Payne;Male;1998-12-01;zachary.payne@hotmail.com;7522575809;397 Laura summit;30AN;G2 3TU;C001
CUST19651;Joseph;Wallace;Male;2002-06-01;joseph.wallace@yahoo.com;7582334713;46 Lynn mountains;KJRQ;L3 4UV;C001
CUST84731;Joshua;Newman;Male;2002-10-10;joshua.newman@gmail.com;7926946175;465 Denis keys;92R4;LS4 5VW;C001
CUST72288;Rebecca;Murray;Female;1976-03-09;rebecca.murray@outlook.com;7198032376;767 Watkins crescent;PYH6;EH5 6WX;C001
CUST32659;Adam;Cook;Male;1992-09-23;adam.cook@yahoo.com;7261785264;479 Dennis stream;7W41;BS6 7XY;C001
CUST49467;Jennifer;Gallagher;Female;1998-06-19;jennifer.gallagher@outlook.com;7502361079;586 Payne mills;C6WB;S7 8YZ;C001
CUST91679;Lucy;Johnson;Female;2006-03-03;lucy.johnson@gmail.com;7309028177;297 Steele loop;XBR7;NG8 9ZA;C001
CUST94908;Alex;Bell;Male;1993-01-13;alex.bell@yahoo.com;7857793991;288 Maurice pass;Y2VK;E9 0AB;C001
CUST30059;Linda;Powell;Female;2005-02-15;linda.powell@outlook.com;7476314283;412 Vincent overpass;B5VW;M1 1BC;C001
CUST83582;Isla;Spencer;Female;1993-06-06;isla.spencer@hotmail.com;7594891610;876 Mohammed forks;XU5I;B2 2CD;C001
CUST63396;Sophie;Green;Female;2005-05-08;sophie.green@gmail.com;7467593976;62 Keith way;30AN;G3 3DE;C001
CUST17361;William;Barker;Male;2006-11-22;william.barker@gmail.com;7920126267;124 Graham parkway;KJRQ;L4 4EF;C001
CUST75991;Mia;Taylor;Female;1988-11-03;mia.taylor@outlook.com;7207767101;283 Charlotte spurs;92R4;LS5 5FG;C001
CUST15528;Linda;John;Female;1991-10-10;linda.john@hotmail.com;7198974673;946 Judith crossroad;PYH6;EH6 6GH;C001
CUST99574;Ellie;Griffiths;Female;2002-11-07;ellie.griffiths@gmail.com;7710268722;875 Melissa lake;7W41;BS7 7HI;C001
CUST98592;Charles;Bolton;Male;2004-07-19;charles.bolton@gmail.com;7913666312;971 Bailey shoals;C6WB;S8 8IJ;C001
CUST59454;Adam;Ford;Male;1998-08-19;adam.ford@outlook.com;7810168041;379 Morris heights;XBR7;NG9 9JK;C001
CUST36142;Toby;Howell;Male;1987-10-09;toby.howell@gmail.com;7664576353;979 Edwards viaduct;Y2VK;E1 0KL;C001
CUST63384;Phoebe;Elliott;Female;2005-03-15;phoebe.elliott@gmail.com;7193294838;116 Connor dale;B5VW;M2 1LM;C001
CUST97252;Susan;Porter;Female;1982-10-23;susan.porter@outlook.com;7621131033;964 Harriet parks;XU5I;B3 2MN;C001
CUST62369;Samuel;Reeves;Male;2006-10-22;samuel.reeves@outlook.com;7302316796;473 Moore gateway;30AN;G4 3NO;C001
CUST65635;Amber;Harris;Female;2066-05-02;amber.harris@hotmail.com;7966392914;94 Sian isle;KJRQ;L5 4OP;C001
CUST62973;Barbara;Connor;Female;1987-09-19;barbara.connor@yahoo.com;7948626765;427 Lamb port;92R4;LS6 5PQ;C001
CUST82956;Rebecca;Booth;Female;1996-03-21;rebecca.booth@yahoo.com;7899704171;875 Martyn court;PYH6;EH7 6QR;C001
CUST15712;Joseph;Green;Male;1998-10-05;joseph.green@outlook.com;7309194717;926 Robson walk;7W41;BS8 7RS;C001
CUST11615;Olivia;Reynolds;Female;1992-07-24;olivia.reynolds@outlook.com;7423516796;150 Marsh river;C6WB;S9 8ST;C001
CUST75479;Jayden;Patel;Male;1989-04-08;jayden.patel@yahoo.com;7647744104;45 William alley;XBR7;NG1 9TU;C001
CUST18444;Ethan;Williams;Male;2005-11-25;ethan.williams@outlook.com;7849630959;458 Smith wells;Y2VK;E2 0UV;C001
CUST24199;Joseph;Akhtar;Male;2002-12-24;joseph.akhtar@hotmail.com;7723861608;115 Wilson shoals;B5VW;M3 1VW;C001
CUST25138;Oliver;Riley;Male;1975-02-21;oliver.riley@gmail.com;7601548114;670 O'Connor park;XU5I;B4 2WX;C001
CUST27218;Ellie;Hussain;Female;2004-04-07;ellie.hussain@gmail.com;7992355874;141 Edwards lane;30AN;G5 3XY;C001
CUST72546;Luke;King;Male;1988-01-06;luke.king@outlook.com;7308628100;99 Ward forest;KJRQ;L6 4YZ;C001
CUST89557;Hannah;Hill;Female;2066-01-14;hannah.hill@outlook.com;7551313589;144 Hammond forges;92R4;LS7 5ZA;C001
CUST34812;George;Jones;Male;2000-05-12;george.jones@hotmail.com;7473621775;102 Murray circles;PYH6;EH8 6AB;C001
CUST26477;Susan;Williams;Female;1994-12-18;susan.williams@gmail.com;7287075199;811 Payne summit;7W41;BS9 7BC;C001
CUST38643;Megan;Kelly;Female;2065-08-04;megan.kelly@outlook.com;7832018063;589 Tony crossing;C6WB;S1 8CD;C001
CUST41521;Daisy;Brown;Female;1988-01-21;daisy.brown@hotmail.com;7966226660;965 Anna way;XBR7;NG2 9DE;C001
CUST84780;Samuel;Barker;Male;1988-09-26;samuel.barker@gmail.com;7442421973;472 Josh meadows;Y2VK;E3 0EF;C001
CUST65734;Phoebe;Carr;Female;1998-12-18;phoebe.carr@yahoo.com;7166917254;425 Richards landing;B5VW;M4 1FG;C001
CUST96439;Matthew;Thorpe;Male;2000-02-03;matthew.thorpe@gmail.com;7909785311;887 George trail;XU5I;B5 2GH;C001
CUST74436;Edward;Whittaker;Male;1977-01-08;edward.whittaker@gmail.com;7206302769;614 Josephine track;30AN;G6 3HI;C001
CUST72576;Phoebe;Lewis;Female;1969-04-05;phoebe.lewis@gmail.com;7638797123;115 Cole street;KJRQ;L7 4IJ;C001
CUST32359;Amber;Parsons;Female;1985-08-16;amber.parsons@yahoo.com;7167230935;535 Evans lakes;92R4;LS8 5JK;C001
CUST22883;Olivia;Hurst;Female;2000-08-11;olivia.hurst@outlook.com;7508222466;634 Amy mill;PYH6;EH9 6KL;C001
CUST17373;Charlotte;Francis;Female;1995-07-25;charlotte.francis@yahoo.com;7901440880;748 Wade square;7W41;BS1 7LM;C001
CUST14987;Benjamin;Hall;Male;1994-12-12;benjamin.hall@yahoo.com;7290112879;515 Waters stream;C6WB;S2 8MN;C001
CUST78500;Lauren;Brown;Female;1987-11-05;lauren.brown@outlook.com;7726775074;608 Martin prairie;XBR7;NG3 9NO;C001
CUST11609;Liam;Murphy;Male;1998-12-21;liam.murphy@outlook.com;7390281162;505 Louis branch;Y2VK;E4 0OP;C001
CUST32402;Matthew;Young;Male;1985-11-15;matthew.young@outlook.com;7730708964;518 Abigail cliffs;B5VW;M5 1PQ;C001
CUST38598;Elizabeth;Lyons;Female;2003-02-16;elizabeth.lyons@hotmail.com;7845489987;41 Gillian union;XU5I;B6 2QR;C001
CUST21771;Phoebe;Jackson;Female;2002-09-25;phoebe.jackson@hotmail.com;7967027049;379 Bell harbors;30AN;G7 3RS;C001
CUST54248;Charlotte;Mills;Female;1985-12-14;charlotte.mills@outlook.com;7766527305;445 Nicholson ford;KJRQ;L8 4ST;C001
CUST35004;Ellie;Baker;Female;1986-10-05;ellie.baker@hotmail.com;7873532631;500 Kelly cove;92R4;LS9 5TU;C001
CUST36450;Jake;Phill;Male;1997-07-06;jake.phill@hotmail.com;7176649603;4 Elliott gateway;PYH6;EH1 6UV;C001
CUST64203;Jasmine;Chamberlain;Female;2001-11-17;jasmine.chamberlain@gmail.com;7792877217;850 Daniel center;7W41;BS2 7VW;C001
CUST49256;Michael;Cunningham;Male;2000-09-07;michael.cunningham@gmail.com;7586871777;309 Walton forest;C6WB;S3 8WX;C001
CUST85300;Luke;Phillips;Male;2065-09-16;luke.phillips@hotmail.com;7459107837;251 Wilson plains;XBR7;NG4 9XY;C001
CUST67305;Richard;Walsh;Male;1990-03-18;richard.walsh@outlook.com;7466555918;152 Josephine junctions;Y2VK;E5 0YZ;C001
CUST92457;David;Price;Male;2006-10-02;david.price@hotmail.com;7260002218;10 Debra hill;B5VW;M6 1ZA;C001
CUST32886;Ethan;Roberts;Male;1999-06-04;ethan.roberts@hotmail.com;7790997887;55 Clive corner;XU5I;B7 2AB;C001
CUST76418;Richard;Parsons;Male;1996-05-04;richard.parsons@hotmail.com;7864364187;468 Taylor mountains;30AN;G8 3BC;C001
CUST63684;Rebecca;Nixon;Female;1991-03-04;rebecca.nixon@gmail.com;7819643567;303 Karen ridges;KJRQ;L9 4CD;C001
CUST61091;Arthur;Burke;Male;1993-07-20;arthur.burke@gmail.com;7307578749;727 Elliott ports;92R4;LS1 5DE;C001
CUST53866;Rebecca;Saunders;Female;1993-12-18;rebecca.saunders@outlook.com;7495793170;960 Elizabeth points;PYH6;EH2 6EF;C001
CUST74610;Robert;Simpson;Male;1974-06-25;robert.simpson@gmail.com;7846356774;815 Diana viaduct;7W41;BS3 7FG;C001
CUST95339;Thomas;Wood;Male;2001-03-08;thomas.wood@hotmail.com;7307464066;222 Geoffrey junction;C6WB;S4 8GH;C001
CUST80290;Madison;Burns;Female;2003-04-25;madison.burns@hotmail.com;7613146152;581 Leigh light;XBR7;NG5 9HI;C001
CUST13725;Richard;Hussain;Male;1976-07-05;richard.hussain@yahoo.com;7534526244;652 Watts parks;Y2VK;E6 0IJ;C001
CUST86678;Ellie;Wright;Female;1978-06-17;ellie.wright@gmail.com;7796786856;479 Gilbert cliffs;B5VW;M7 1JK;C001
CUST36569;Joseph;Stewart;Male;2000-06-21;joseph.stewart@hotmail.com;7928410076;243 Hugh ford;XU5I;B8 2KL;C001
CUST52618;Megan;Young;Female;1992-07-24;megan.young@gmail.com;7852803681;533 Rebecca avenue;30AN;G9 3LM;C001
CUST21345;Morgan;Cross;Other;1997-07-21;morgan.cross@outlook.com;7442946924;441 Austin lane;KJRQ;L1 4MN;C001
CUST40628;Joshua;Walsh;Male;1974-11-23;joshua.walsh@yahoo.com;7574927864;328 Jack village;92R4;LS2 5NO;C001
CUST92330;Harrison;Robinson;Male;2006-10-04;harrison.robinson@yahoo.com;7359307347;84 Hewitt spur;PYH6;EH3 6OP;C001
CUST56242;Madison;Williamson;Female;1987-10-19;madison.williamson@yahoo.com;7181551761;386 Frances corners;7W41;BS4 7PQ;C001
CUST65666;Rebecca;Robinson;Female;2005-01-23;rebecca.robinson@outlook.com;7604231072;871 Brown motorway;C6WB;S5 8QR;C001
CUST78908;Adam;Mills;Male;1997-08-20;adam.mills@outlook.com;7505092999;254 Denise lights;XBR7;NG6 9RS;C001
CUST44258;Jake;Wallis;Male;1972-06-17;jake.wallis@gmail.com;7872198714;613 Mitchell drive;Y2VK;E7 0ST;C001
CUST12194;Luke;Chapman;Male;1988-04-23;luke.chapman@outlook.com;7384811053;328 Harriet mount;B5VW;M8 1TU;C001
CUST44426;Anna;Alexander;Female;1983-04-28;anna.alexander@gmail.com;7237043007;324 Williams course;XU5I;B9 2UV;C001
CUST82691;Oliver;Perkins;Male;1991-04-27;oliver.perkins@outlook.com;7335144658;132 Poole path;30AN;G1 3VW;C001
CUST69964;Ryan;Ross;Male;2000-08-06;ryan.ross@yahoo.com;7262989273;381 Hazel island;KJRQ;L2 4WX;C001
CUST32519;Abigail;Franklin;Female;1986-09-17;abigail.franklin@gmail.com;7270208795;638 Cameron villages;92R4;LS3 5XY;C001
CUST59548;Harrison;Taylor;Male;1990-08-16;harrison.taylor@hotmail.com;7471933674;540 Wright trace;PYH6;EH4 6YZ;C001
CUST92182;Susan;Bennett;Female;1999-12-08;susan.bennett@outlook.com;7266479088;67 Pauline fields;7W41;BS5 7ZA;C001
CUST59965;James;Thomas;Male;2002-12-27;james.thomas@gmail.com;7636807400;832 Abigail crossroad;C6WB;S6 8AB;C001
CUST19680;Samuel;Austin;Male;1982-06-26;samuel.austin@hotmail.com;7376722897;264 Sandra inlet;XBR7;NG7 9BC;C001
CUST82464;Zachary;Higgins;Male;2003-04-03;zachary.higgins@outlook.com;7531640637;149 Valerie gateway;Y2VK;E8 0CD;C001
CUST73598;Robert;Blake;Male;1985-04-10;robert.blake@outlook.com;7579347659;352 Watkins stream;B5VW;M9 1DE;C001
CUST98854;Victoria;Taylor;Female;1979-04-13;victoria.taylor@hotmail.com;7361954893;114 Kayleigh crossing;XU5I;B1 2EF;C001
CUST11190;Charlie;Morris;Male;1990-09-12;charlie.morris@hotmail.com;7942447374;255 Holden forge;30AN;G2 3FG;C001
CUST95313;Noah;Wade;Male;1979-06-25;noah.wade@yahoo.com;7257934250;434 Fitzgerald walk;KJRQ;L3 4GH;C001
CUST98991;Jessica;Garner;Female;2005-07-01;jessica.garner@gmail.com;7763478365;447 Bates ports;92R4;LS4 5HI;C001
CUST97158;Holly;Hill;Female;2005-06-08;holly.hill@yahoo.com;7547432872;476 Bennett turnpike;PYH6;EH5 6IJ;C001
CUST31299;Jennifer;Robertson;Female;2000-09-02;jennifer.robertson@gmail.com;7236326569;358 Emily track;7W41;BS6 7JK;C001
CUST76477;Ellie;Bennett;Female;2005-03-01;ellie.bennett@hotmail.com;7866923643;249 Joanna street;C6WB;S7 8KL;C001
CUST64210;Mia;Griffiths;Female;2066-05-27;mia.griffiths@outlook.com;7676015508;881 Brooks way;XBR7;NG8 9LM;C001
CUST26896;John;Rees;Male;1996-07-28;john.rees@hotmail.com;7921212046;787 Hussain route;Y2VK;E9 0NO;C001
CUST38859;Eleanor;Patel;Female;1991-04-09;eleanor.patel@gmail.com;7219813139;418 Melissa unions;B5VW;M1 1OP;C001
CUST14550;Emily;Patel;Female;1998-11-14;emily.patel@yahoo.com;7511796460;786 Johnson overpass;XU5I;B2 2PQ;C001
CUST55308;Harry;Davies;Male;2003-05-01;harry.davies@outlook.com;7490015429;846 Jake mountain;30AN;G3 3QR;C001
CUST93010;Callum;Hicks;Male;2004-05-19;callum.hicks@hotmail.com;7762292585;568 Parkes lakes;KJRQ;L4 4RS;C001
CUST25329;Thomas;Barker;Male;2000-03-17;thomas.barker@yahoo.com;7914918858;16 Sullivan isle;92R4;LS5 5ST;C001
CUST94435;Michael;Brown;Male;1988-07-03;michael.brown@gmail.com;7715208056;181 Terence route;PYH6;EH6 6TU;C001
CUST78975;Hannah;Thomas;Female;2004-01-20;hannah.thomas@outlook.com;7142323799;275 Karen plains;7W41;BS7 7UV;C001
CUST73481;Connor;Griffin;Male;1997-06-02;connor.griffin@outlook.com;7277595116;799 Raymond burg;C6WB;S8 8VW;C001
CUST37502;Susan;Jennings;Female;1994-11-06;susan.jennings@outlook.com;7674547777;79 Leonard underpass;XBR7;NG9 9WX;C001
CUST39585;Alice;Ashton;Female;1986-12-14;alice.ashton@outlook.com;7820265053;367 Khan avenue;Y2VK;E1 0YZ;C001
CUST17863;Rebecca;Greenwood;Female;1986-02-06;rebecca.greenwood@hotmail.com;7291244473;9 Stewart unions;B5VW;M2 1ZA;C001
CUST17932;Amber;Barker;Female;2002-03-26;amber.barker@yahoo.com;7716114590;862 Wayne orchard;XU5I;B3 2AB;C001
CUST42968;Daisy;Jones;Female;1991-08-09;daisy.jones@gmail.com;7379437908;851 Georgia ramp;30AN;G4 3BC;C001
CUST50794;Lauren;Palmer;Female;1970-06-21;lauren.palmer@yahoo.com;7899470452;776 Cox islands;KJRQ;L5 4CD;C001
CUST84340;Barbara;King;Female;1999-11-24;barbara.king@hotmail.com;7535307280;779 Brown springs;92R4;LS6 5DE;C001
CUST82573;Finley;Barry;Other;1993-01-26;finley.barry@hotmail.com;7470683195;706 Farmer fall;PYH6;EH7 6EF;C001
CUST61746;Lauren;Lewis;Female;1990-03-03;lauren.lewis@gmail.com;7811256004;935 Holly hill;7W41;BS8 7FG;C001
CUST71864;Toby;Green;Male;1999-05-15;toby.green@outlook.com;7278697381;696 Williams way;C6WB;S9 8GH;C001
CUST56235;Jack;James;Male;1991-06-10;jack.james@outlook.com;7549465486;620 Maria plains;XBR7;NG1 9HI;C001
CUST42862;Anna;Knowles;Female;1976-12-07;anna.knowles@yahoo.com;7487821441;288 Georgia mountains;Y2VK;E2 0IJ;C001
CUST84889;Patricia;Pearson;Female;2002-09-18;patricia.pearson@gmail.com;7334409605;449 Ward mountains;B5VW;M3 1JK;C001
CUST75205;Benjamin;Cooper;Male;1986-02-03;benjamin.cooper@yahoo.com;7877276685;551 Paul trafficway;XU5I;B4 2KL;C001
CUST97934;Rebecca;Harris;Female;1973-03-09;rebecca.harris@outlook.com;7382018197;328 Frank plaza;30AN;G5 3LM;C001
CUST80624;Erin;Hilton;Female;1995-08-15;erin.hilton@hotmail.com;7224018366;306 Willis villages;KJRQ;L6 4MN;C001
CUST31358;Linda;Webb;Female;1997-01-19;linda.webb@gmail.com;7807701326;252 Charlie falls;92R4;LS7 5NO;C001
CUST62141;Lewis;Pearson;Male;2068-03-09;lewis.pearson@outlook.com;7656145418;559 Cooper spring;PYH6;EH8 6OP;C001
CUST67846;Anna;Ward;Female;1989-03-25;anna.ward@yahoo.com;7656490769;243 Brooks common;7W41;BS9 7PQ;C001
CUST72825;Daniel;Ellis;Male;1993-06-11;daniel.ellis@yahoo.com;7964783316;88 Gibson turnpike;C6WB;S1 8QR;C001
CUST84004;Freya;Wells;Female;1986-06-18;freya.wells@outlook.com;7465324771;151 Victoria plaza;XBR7;NG2 9RS;C001
CUST20139;Mia;Jenkins;Female;1972-09-16;mia.jenkins@yahoo.com;7398558009;799 Horton village;Y2VK;E3 0ST;C001
CUST71693;Sarah;Wright;Female;1992-06-04;sarah.wright@outlook.com;7477502408;7 Taylor bypass;B5VW;M4 1TU;C001
CUST60835;Ethan;Bird;Male;1999-08-08;ethan.bird@hotmail.com;7355778899;550 Phillips circles;XU5I;B5 2UV;C001
CUST16011;Jake;Phillips;Male;1996-01-25;jake.phillips@hotmail.com;7824248573;991 Hawkins gateway;30AN;G6 3VW;C001
CUST31710;Ethan;Metcalfe;Male;1994-02-01;ethan.metcalfe@yahoo.com;7699192546;636 Dickinson knoll;KJRQ;L7 4WX;C001
CUST63259;Luke;James;Male;2003-05-23;luke.james@yahoo.com;7710315067;525 Cook shoals;92R4;LS8 5XY;C001
CUST19645;Lucy;Franklin;Female;1991-09-07;lucy.franklin@hotmail.com;7985560796;940 Mohamed station;PYH6;EH9 6YZ;C001
CUST10244;Oscar;Bowen;Male;2006-03-06;oscar.bowen@gmail.com;7679952126;44 Stephens ville;7W41;BS1 7ZA;C001
CUST92761;Jasmine;Brady;Female;1997-04-14;jasmine.brady@outlook.com;7151879517;740 Sally green;C6WB;S2 8AB;C001
CUST31195;Harry;Cartwright;Male;1988-01-08;harry.cartwright@outlook.com;7381501634;22 Jean station;XBR7;NG3 9BC;C001
CUST90272;Ryan;Howard;Male;1979-05-22;ryan.howard@yahoo.com;7842141339;132 Victoria pike;Y2VK;E4 0CD;C001
CUST49024;Zachary;Kaur;Male;1969-01-09;zachary.kaur@outlook.com;7221440899;256 Conor path;B5VW;M5 1DE;C001
CUST25017;Jennifer;Hill;Female;2006-09-24;jennifer.hill@outlook.com;7413563107;619 Chelsea dale;XU5I;B6 2EF;C001
CUST11921;Edward;Cox;Male;1997-04-22;edward.cox@yahoo.com;7629435792;579 Andrea mountains;30AN;G7 3FG;C001
CUST34482;Connor;Gibson;Male;2002-09-20;connor.gibson@hotmail.com;7353517962;963 Payne cape;KJRQ;L8 4GH;C001
CUST14048;Nathan;Powell;Male;2001-02-18;nathan.powell@yahoo.com;7422391240;62 Benjamin green;92R4;LS9 5HI;C001
CUST26924;Barbara;Pope;Female;2002-05-22;barbara.pope@gmail.com;7859595449;958 Patterson well;PYH6;EH1 6IJ;C001
CUST79032;Mary;Brooks;Female;1991-08-05;mary.brooks@yahoo.com;7114976955;776 Sally skyway;7W41;BS2 7JK;C001
CUST47901;Amber;Clarke;Female;1979-07-26;amber.clarke@gmail.com;7892068546;957 Ellis port;C6WB;S3 8KL;C001
CUST14290;Eleanor;Hunt;Female;1985-12-04;eleanor.hunt@gmail.com;7177869243;167 Tina bridge;XBR7;NG4 9LM;C001
CUST79705;James;Edwards;Male;2000-11-09;james.edwards@yahoo.com;7167883668;508 McCarthy brook;Y2VK;E5 0MN;C001
CUST46581;Lauren;Richardson;Female;1974-12-07;lauren.richardson@hotmail.com;7175471551;691 Walters squares;B5VW;M6 1NO;C001
CUST18035;Sarah;Humphries;Female;2000-08-13;sarah.humphries@hotmail.com;7157922950;242 Bailey circles;XU5I;B7 2OP;C001
CUST33615;Luke;James;Male;1994-06-02;luke.james@hotmail.com;7894638964;357 Wendy wall;30AN;G8 3PQ;C001
CUST89302;Ethan;Elliott;Male;2002-08-26;ethan.elliott@hotmail.com;7170915745;861 Simpson manors;KJRQ;L9 4QR;C001
CUST36828;Emily;Gordon;Female;2004-07-12;emily.gordon@outlook.com;7111661473;832 Hunter dale;92R4;LS1 5RS;C001
CUST65133;Michael;Jones;Male;2000-05-22;michael.jones@hotmail.com;7587884249;325 Gibbs vista;PYH6;EH2 6ST;C001
CUST28242;Connor;Norton;Male;1990-01-08;connor.norton@gmail.com;7298504194;797 Gordon inlet;7W41;BS3 7TU;C001
CUST25290;Ethan;Foster;Male;2002-03-05;ethan.foster@hotmail.com;7458239603;388 Williams ridges;C6WB;S4 8UV;C001
CUST85328;Elizabeth;Parker;Female;2005-11-08;elizabeth.parker@yahoo.com;7218549167;291 Denise radial;XBR7;NG5 9VW;C001
CUST49458;Callum;Pollard;Male;2003-04-12;callum.pollard@yahoo.com;7208593639;616 Hicks pine;Y2VK;E6 0WX;C001
CUST33117;James;Dyer;Male;1973-11-24;james.dyer@hotmail.com;7342326625;455 Jacqueline springs;B5VW;M7 1XY;C001
CUST94702;Adam;Bull;Male;1988-03-11;adam.bull@outlook.com;7474309973;955 Mohamed springs;XU5I;B8 2YZ;C001
CUST31591;Ellie;Parry;Female;1992-08-26;ellie.parry@yahoo.com;7611671390;94 Judith island;30AN;G9 3ZA;C001
CUST18208;Jasmine;Mills;Female;1998-02-23;jasmine.mills@gmail.com;7168706957;210 Hughes burg;KJRQ;L1 4AB;C001
CUST25797;Daisy;Lewis;Female;1990-10-01;daisy.lewis@yahoo.com;7214491173;137 Robson throughway;92R4;LS2 5BC;C001
CUST64981;John;Morgan;Male;1988-04-14;john.morgan@hotmail.com;7134112186;818 Campbell glens;PYH6;EH3 6CD;C001
CUST31207;Megan;McLean;Female;2066-11-05;megan.mclean@hotmail.com;7251068988;124 Lewis trace;7W41;BS4 7DE;C001
CUST43108;Samuel;McDonald;Male;1994-04-01;samuel.mcdonald@yahoo.com;7447611956;227 Carr glen;C6WB;S5 8EF;C001
CUST22112;Mia;Martin;Female;1996-01-06;mia.martin@outlook.com;7396769735;156 Johnson mission;XBR7;NG6 9FG;C001
CUST56641;Skyler;Williams;Other;2005-03-17;skyler.williams@outlook.com;7290902011;633 Powell stravenue;Y2VK;E7 0GH;C001
CUST28562;Madison;Barker;Female;2000-11-01;madison.barker@yahoo.com;7863204270;220 Derek rest;B5VW;M8 1HI;C001
CUST67708;Oscar;Nicholls;Male;2006-09-08;oscar.nicholls@outlook.com;7271603061;451 Stevens island;XU5I;B9 2IJ;C001
CUST13274;Noah;Wallis;Male;1987-02-08;noah.wallis@yahoo.com;7845335829;100 Max springs;30AN;G1 3JK;C001
CUST74143;Dakota;Jones;Other;1977-09-15;dakota.jones@yahoo.com;7523737517;611 Dylan ways;KJRQ;L2 4KL;C001
CUST78775;Arthur;Lee;Male;2000-04-24;arthur.lee@gmail.com;7646642620;71 Dale canyon;92R4;LS3 5LM;C001
CUST89430;Harriet;Brennan;Female;1985-08-05;harriet.brennan@yahoo.com;7562215173;309 Garner ville;PYH6;EH4 6MN;C001
CUST44566;Emily;Douglas;Female;1975-03-09;emily.douglas@hotmail.com;7301467509;822 Lauren via;7W41;BS5 7NO;C001
CUST12200;Taylor;Jackson;Other;1985-05-07;taylor.jackson@yahoo.com;7558826518;355 Chandler isle;C6WB;S6 8OP;C001
CUST10017;Ryan;Ingram;Male;2006-09-04;ryan.ingram@hotmail.com;7735606592;600 Welch route;XBR7;NG7 9PQ;C001
CUST21592;Richard;Shah;Male;2005-11-27;richard.shah@outlook.com;7267076116;247 Quinn route;Y2VK;E8 0QR;C001
CUST88505;Charles;Blackburn;Male;1998-12-14;charles.blackburn@gmail.com;7917901583;669 Kelly isle;B5VW;M9 1RS;C001
CUST75787;River;Roberts;Other;2000-06-26;river.roberts@hotmail.com;7606993476;347 Hussain common;XU5I;B1 2ST;C001
CUST73193;Jennifer;Dixon;Female;1970-11-07;jennifer.dixon@yahoo.com;7626744489;32 Stephens vista;30AN;G2 3TU;C001
CUST36988;Henry;Dickinson;Male;1972-01-15;henry.dickinson@hotmail.com;7584149223;335 Stuart knoll;KJRQ;L3 4UV;C001
CUST28519;Jasmine;McLean;Female;2001-10-22;jasmine.mclean@gmail.com;7161996952;587 Abigail lane;92R4;LS4 5VW;C001
CUST68771;Jack;Murray;Male;1973-10-26;jack.murray@outlook.com;7292253564;70 Jasmine roads;PYH6;EH5 6WX;C001
CUST80727;Alice;Lewis;Female;1976-09-20;alice.lewis@yahoo.com;7461424375;629 Nash pike;7W41;BS6 7XY;C001
CUST79266;Noah;Jones;Male;1988-03-18;noah.jones@yahoo.com;7833464481;486 Alex key;C6WB;S7 8YZ;C001
CUST75759;Adam;Hill;Male;2000-02-10;adam.hill@outlook.com;7370774450;774 Shane landing;XBR7;NG8 9ZA;C001
CUST82606;Harrison;Clark;Male;1991-05-08;harrison.clark@gmail.com;7646143858;637 Trevor lodge;Y2VK;E9 0AB;C001
CUST16197;Freya;Payne;Female;2065-07-11;freya.payne@hotmail.com;7926172870;424 Chapman extensions;B5VW;M1 1BC;C001
CUST83847;Amber;Mistry;Female;1990-02-25;amber.mistry@outlook.com;7617281075;779 Gardner view;XU5I;B2 2CD;C001
CUST54653;Ryan;Johnston;Male;1972-09-19;ryan.johnston@yahoo.com;7995883392;42 Susan island;30AN;G3 3DE;C001
CUST45579;Patricia;Williams;Female;1987-05-24;patricia.williams@yahoo.com;7289299040;398 Sara neck;KJRQ;L4 4EF;C001
CUST25737;William;Williams;Male;1992-05-20;william.williams@outlook.com;7408897214;857 Ryan route;92R4;LS5 5FG;C001
CUST19986;Susan;Jones;Female;1998-08-20;susan.jones@outlook.com;7201172585;869 Dorothy meadows;PYH6;EH6 6GH;C001
CUST31882;Liam;Thompson;Male;2006-01-26;liam.thompson@outlook.com;7234975296;86 Day mission;7W41;BS7 7HI;C001
CUST57255;Thomas;Byrne;Male;1990-01-09;thomas.byrne@hotmail.com;7109912274;966 Francis grove;C6WB;S8 8IJ;C001
CUST35082;Lewis;Khan;Male;1999-08-03;lewis.khan@yahoo.com;7929575245;986 Mellor land;XBR7;NG9 9JK;C001
CUST49785;Freya;Barnes;Female;1996-03-05;freya.barnes@outlook.com;7490433579;259 Katy avenue;Y2VK;E1 0KL;C001
CUST48768;Riley;Swift;Other;2006-04-15;riley.swift@gmail.com;7598434437;466 Julie stravenue;B5VW;M2 1LM;C001
CUST33854;Edward;Harrison;Male;1975-02-22;edward.harrison@hotmail.com;7172137323;31 Daniels river;XU5I;B3 2MN;C001
CUST64813;Richard;Wallis;Male;2002-07-27;richard.wallis@yahoo.com;7458297170;103 Linda burg;30AN;G4 3NO;C001
CUST86301;Lucy;Ball;Female;2000-04-24;lucy.ball@hotmail.com;7907411914;257 Robinson flats;KJRQ;L5 4OP;C001
CUST91587;Patricia;Gibson;Female;2002-09-17;patricia.gibson@yahoo.com;7561009134;524 Gregory parkways;92R4;LS6 5PQ;C001
CUST30112;Patricia;Ward;Female;1992-06-22;patricia.ward@hotmail.com;7891188557;906 Eric falls;PYH6;EH7 6QR;C001
CUST65126;Charles;Dunn;Male;1970-05-24;charles.dunn@hotmail.com;7519431518;169 Ronald mountains;7W41;BS8 7RS;C001
CUST66017;Megan;Evans;Female;2002-03-15;megan.evans@gmail.com;7944791265;460 Rahman vista;C6WB;S9 8ST;C001
CUST37189;Casey;Poole;Other;1994-10-04;casey.poole@outlook.com;7107558213;683 Hodgson village;XBR7;NG1 9TU;C001
CUST79289;Lewis;Tucker;Male;1995-04-18;lewis.tucker@outlook.com;7244340736;681 Charlie roads;Y2VK;E2 0UV;C001
CUST71535;Isla;Robinson;Female;1998-09-11;isla.robinson@yahoo.com;7248789475;726 Debra isle;B5VW;M3 1VW;C001
CUST79046;Holly;Jones;Female;1975-12-24;holly.jones@hotmail.com;7670999621;635 Hughes junctions;XU5I;B4 2WX;C001
CUST19841;Arthur;Wong;Male;2002-06-25;arthur.wong@gmail.com;7244351743;381 Vincent trafficway;30AN;G5 3XY;C001
CUST40801;Holly;Dodd;Female;2003-07-18;holly.dodd@outlook.com;7416356769;61 Stephens land;KJRQ;L6 4YZ;C001
CUST43441;William;Walker;Male;1988-09-10;william.walker@yahoo.com;7356088545;680 Katherine hollow;92R4;LS7 5ZA;C001
CUST19786;Jamie;Scott;Other;1975-08-01;jamie.scott@hotmail.com;7466140504;899 Henry corners;PYH6;EH8 6AB;C001
CUST23780;Callum;Hughes;Male;2003-03-23;callum.hughes@gmail.com;7511888180;511 Robin vista;7W41;BS9 7BC;C001
CUST62884;Victoria;Archer;Female;1992-05-19;victoria.archer@yahoo.com;7228302826;896 Cook vista;C6WB;S1 8CD;C001
CUST37534;Joshua;Jones;Male;2005-08-25;joshua.jones@hotmail.com;7594278478;612 Fry key;XBR7;NG2 9DE;C001
CUST71197;Alex;Booth;Male;2005-10-12;alex.booth@gmail.com;7744428419;774 Charlton stream;Y2VK;E3 0EF;C001
CUST95189;Harry;Connor;Male;1990-06-26;harry.connor@yahoo.com;7461172974;971 Alice glen;B5VW;M4 1FG;C001
CUST30732;Karen;Banks;Female;1996-06-25;karen.banks@gmail.com;7879655542;984 Hussain passage;XU5I;B5 2GH;C001
CUST68433;Elizabeth;Begum;Female;1996-04-25;elizabeth.begum@yahoo.com;7300513842;373 Shaw estates;30AN;G6 3HI;C001
CUST27761;Oscar;Lee;Male;1986-09-17;oscar.lee@yahoo.com;7278663013;751 Wright prairie;KJRQ;L7 4IJ;C001
CUST42396;Sarah;Graham;Female;2002-11-07;sarah.graham@gmail.com;7118688714;410 James point;92R4;LS8 5JK;C001
CUST47476;Jennifer;Bird;Female;1994-02-22;jennifer.bird@gmail.com;7928781914;315 Cheryl square;PYH6;EH9 6KL;C001
CUST76809;Rebecca;Lloyd;Female;1989-05-10;rebecca.lloyd@gmail.com;7676421257;202 Kelly street;7W41;BS1 7LM;C001
CUST30326;Emily;Evans;Female;1985-05-17;emily.evans@hotmail.com;7239412226;725 Arthur trace;C6WB;S2 8MN;C001
CUST86926;Harry;Parsons;Male;1979-04-17;harry.parsons@gmail.com;7438296990;127 Akhtar club;XBR7;NG3 9NO;C001
CUST69885;Jake;Jones;Male;2005-12-20;jake.jones@outlook.com;7332843046;221 Joyce estates;Y2VK;E4 0OP;C001
CUST85371;Victoria;Russell;Female;2005-02-24;victoria.russell@hotmail.com;7801785291;739 Mitchell port;B5VW;M5 1PQ;C001
CUST18916;Harrison;Scott;Male;2000-02-11;harrison.scott@outlook.com;7642293409;326 Lucy union;XU5I;B6 2QR;C001
CUST58826;Hannah;Taylor;Female;1994-04-25;hannah.taylor@yahoo.com;7952422505;562 Karen flat;30AN;G7 3RS;C001
CUST39862;Ethan;Reed;Male;1989-01-06;ethan.reed@yahoo.com;7533952658;106 Victor knolls;KJRQ;L8 4ST;C001
CUST53803;Charlie;Nicholson;Male;2002-02-20;charlie.nicholson@hotmail.com;7918193163;567 O'Brien circles;92R4;LS9 5TU;C001
CUST78877;Liam;Whittaker;Male;2004-10-03;liam.whittaker@gmail.com;7463477375;911 Farrell islands;PYH6;EH1 6UV;C001
CUST27338;Nathan;Cooper;Male;2068-05-15;nathan.cooper@gmail.com;7987296552;103 Olivia brook;7W41;BS2 7VW;C001
CUST25168;Ethan;Heath;Male;2003-07-20;ethan.heath@yahoo.com;7425658625;909 Christine inlet;C6WB;S3 8WX;C001
CUST33388;Joshua;Walker;Male;2002-10-16;joshua.walker@hotmail.com;7541961609;244 Claire shoals;XBR7;NG4 9XY;C001
CUST50599;William;Cross;Male;1989-01-13;william.cross@gmail.com;7850873852;331 Wilson cape;Y2VK;E5 0YZ;C001
CUST57559;Richard;Ryan;Male;1993-02-23;richard.ryan@hotmail.com;7479475189;739 Adrian fords;B5VW;M6 1ZA;C001
CUST89491;Hannah;Barber;Female;2001-04-02;hannah.barber@outlook.com;7652591876;296 Trevor run;XU5I;B7 2AB;C001
CUST93170;Eleanor;King;Female;2004-05-24;eleanor.king@yahoo.com;7844167949;963 Little extensions;30AN;G8 3BC;C001
CUST72915;Henry;Howells;Male;1985-05-22;henry.howells@yahoo.com;7562065794;910 Graham rue;KJRQ;L9 4CD;C001
CUST23412;Harry;Turner;Male;1984-07-02;harry.turner@yahoo.com;7784458019;677 Watson parkway;92R4;LS1 5DE;C001
CUST28001;Phoebe;Matthews;Female;1998-08-04;phoebe.matthews@hotmail.com;7664735438;505 Sandra stream;PYH6;EH2 6EF;C001
CUST13815;Jessica;Barnes;Female;1983-04-13;jessica.barnes@outlook.com;7950352878;481 Ruth curve;7W41;BS3 7FG;C001
CUST41526;Lauren;Mann;Female;1992-12-14;lauren.mann@outlook.com;7440908519;176 Herbert forks;C6WB;S4 8GH;C001
CUST28841;Isabella;Clarke;Female;1996-10-02;isabella.clarke@yahoo.com;7494825107;394 Mohammad stravenue;XBR7;NG5 9HI;C001
CUST92125;Sarah;Wilson;Female;2000-06-28;sarah.wilson@yahoo.com;7436334380;638 Lesley unions;Y2VK;E6 0IJ;C001
CUST52069;Casey;Jones;Other;1987-05-12;casey.jones@outlook.com;7889698707;744 O'Neill pike;B5VW;M7 1JK;C001
CUST10701;Arthur;Jones;Male;1998-06-20;arthur.jones@yahoo.com;7978239672;126 Owen center;XU5I;B8 2KL;C001
CUST93178;Toby;Ingram;Male;2002-02-19;toby.ingram@gmail.com;7478217880;75 Martin crescent;30AN;G9 3LM;C001
CUST34514;Phoebe;Harris;Female;1985-02-05;phoebe.harris@outlook.com;7499691615;272 Lewis views;KJRQ;L1 4MN;C001
CUST61001;Ellie;Hughes;Female;2003-03-27;ellie.hughes@outlook.com;7745839619;655 Charlie stream;92R4;LS2 5NO;C001
CUST39170;Rebecca;Singh;Female;1996-03-10;rebecca.singh@yahoo.com;7873537067;927 Garner crossroad;PYH6;EH3 6OP;C001
CUST16091;Nathan;Owen;Male;1980-03-17;nathan.owen@outlook.com;7218403740;461 Lewis wells;7W41;BS4 7PQ;C001
CUST88586;Anna;Perkins;Female;1977-07-15;anna.perkins@outlook.com;7373593362;552 Mann stream;C6WB;S5 8QR;C001
CUST34279;Edward;Rahman;Male;1971-07-07;edward.rahman@outlook.com;7449225615;144 Gordon extensions;XBR7;NG6 9RS;C001
CUST28400;Sophie;Francis;Female;1985-02-17;sophie.francis@outlook.com;7657156096;243 Joanna dale;Y2VK;E7 0ST;C001
CUST82028;Isabella;Pearce;Female;2000-08-06;isabella.pearce@yahoo.com;7614376074;175 Smith pass;B5VW;M8 1TU;C001
CUST27897;Amelia;Naylor;Female;1986-06-27;amelia.naylor@hotmail.com;7113569866;367 Bethany forge;XU5I;B9 2UV;C001
CUST78730;Eden;Parry;Other;1997-05-11;eden.parry@hotmail.com;7480328954;380 Amy lock;30AN;G1 3VW;C001
CUST49864;Holly;Roberts;Female;1990-04-27;holly.roberts@yahoo.com;7664196991;542 Matthew lodge;KJRQ;L2 4WX;C001
CUST34513;Isla;Martin;Female;2067-06-26;isla.martin@outlook.com;7658966251;783 Patterson ville;92R4;LS3 5XY;C001
CUST99662;Charles;Lewis;Male;1999-08-04;charles.lewis@yahoo.com;7802275572;885 Taylor islands;PYH6;EH4 6YZ;C001
CUST53766;Jennifer;Jones;Female;2002-12-17;jennifer.jones@yahoo.com;7580105117;62 Pearce plains;7W41;BS5 7ZA;C001
CUST39085;Abigail;Barker;Female;1985-03-13;abigail.barker@gmail.com;7159000311;157 Callum estate;C6WB;S6 8AB;C001
CUST38773;Ethan;Hopkins;Male;2002-02-10;ethan.hopkins@gmail.com;7800049789;995 Jason glen;XBR7;NG7 9BC;C001
CUST56927;Linda;Williams;Female;1978-07-08;linda.williams@gmail.com;7135245146;404 Henderson green;Y2VK;E8 0CD;C001
CUST31133;Toby;Rose;Male;1985-03-25;toby.rose@hotmail.com;7222137670;573 Judith port;B5VW;M9 1DE;C001
CUST81727;Jennifer;Gibson;Female;1987-06-02;jennifer.gibson@outlook.com;7264315712;835 Sian run;XU5I;B1 2EF;C001
CUST85608;John;Smith;Male;2000-05-05;john.smith@gmail.com;7401828071;120 Simpson squares;30AN;G2 3FG;C001
CUST54282;Thomas;Rees;Male;1985-07-18;thomas.rees@gmail.com;7557678659;974 Frank union;KJRQ;L3 4GH;C001
CUST24432;Linda;Smith;Female;1995-12-08;linda.smith@yahoo.com;7371882780;806 Emma pike;92R4;LS4 5HI;C001
CUST74378;Joseph;Chamberlain;Male;1986-12-23;joseph.chamberlain@gmail.com;7466584080;120 Lane ville;PYH6;EH5 6IJ;C001
CUST97821;Noah;Johnson;Male;1988-04-01;noah.johnson@gmail.com;7473464234;637 Turner cape;7W41;BS6 7JK;C001
CUST90447;Liam;Carpenter;Male;2001-01-15;liam.carpenter@gmail.com;7804429098;49 Marc ways;C6WB;S7 8KL;C001
CUST77490;Jack;Wall;Male;1974-09-26;jack.wall@yahoo.com;7108109605;642 Turner neck;XBR7;NG8 9LM;C001
CUST86890;Jake;Wright;Male;1989-06-07;jake.wright@yahoo.com;7420179177;439 Billy path;Y2VK;E9 0NO;C001
CUST34114;Charlotte;Harris;Female;1970-09-03;charlotte.harris@outlook.com;7889510642;919 Kaur villages;B5VW;M1 1OP;C001
CUST56105;Mary;Davies;Female;1999-03-24;mary.davies@outlook.com;7860627770;740 David motorway;XU5I;B2 2PQ;C001
CUST34257;Patricia;Smith;Female;2006-01-12;patricia.smith@outlook.com;7762612704;699 Sophie lock;30AN;G3 3QR;C001
CUST68091;Elizabeth;Ball;Female;1989-12-01;elizabeth.ball@yahoo.com;7793916206;477 Sandra forges;KJRQ;L4 4RS;C001
CUST54947;Richard;Ellis;Male;2000-10-22;richard.ellis@hotmail.com;7891115526;697 Flynn green;92R4;LS5 5ST;C001
CUST33385;Lauren;Carroll;Female;1999-11-05;lauren.carroll@gmail.com;7663926726;626 Jeremy passage;PYH6;EH6 6TU;C001
CUST57692;Morgan;Day;Other;2001-03-18;morgan.day@hotmail.com;7413911006;724 Kirby islands;7W41;BS7 7UV;C001
CUST11916;Michael;Rice;Male;1980-09-25;michael.rice@hotmail.com;7348796784;967 Metcalfe wall;C6WB;S8 8VW;C001
CUST96904;Toby;Evans;Male;1990-01-23;toby.evans@yahoo.com;7627017958;175 Lee extension;XBR7;NG9 9WX;C001
CUST97261;Zachary;Weston;Male;1991-09-22;zachary.weston@yahoo.com;7835224896;96 Stevens port;Y2VK;E1 0YZ;C001
CUST75637;Freya;Miller;Female;1994-12-11;freya.miller@outlook.com;7815965333;438 Short lakes;B5VW;M2 1ZA;C001
CUST59227;Matthew;Nash;Male;1992-08-11;matthew.nash@gmail.com;7286889022;797 Reed rest;XU5I;B3 2AB;C001
CUST91843;Isabella;Harris;Female;1992-01-17;isabella.harris@hotmail.com;7718116628;175 Elliott drives;30AN;G4 3BC;C001
CUST20486;Charlotte;Powell;Female;2001-04-08;charlotte.powell@hotmail.com;7676955992;359 Julia union;KJRQ;L5 4CD;C001
CUST84835;Rebecca;West;Female;1991-01-22;rebecca.west@outlook.com;7517518774;497 Graeme trail;92R4;LS6 5DE;C001
CUST50640;Charlie;Parker;Male;2005-11-05;charlie.parker@hotmail.com;7557918068;392 James mission;PYH6;EH7 6EF;C001
CUST79528;Rebecca;Evans;Female;2002-10-14;rebecca.evans@hotmail.com;7370043180;13 Wall estate;7W41;BS8 7FG;C001
CUST69473;Nathan;Hart;Male;2002-01-27;nathan.hart@yahoo.com;7528755852;576 Caroline tunnel;C6WB;S9 8GH;C001
CUST25089;Victoria;Humphries;Female;1993-04-07;victoria.humphries@outlook.com;7773149596;133 Davidson meadows;XBR7;NG1 9HI;C001
CUST94023;Megan;Brown;Female;2004-04-11;megan.brown@outlook.com;7487529517;51 Louise islands;Y2VK;E2 0IJ;C001
CUST18253;Hannah;Clayton;Female;1998-05-05;hannah.clayton@outlook.com;7914912672;677 Swift isle;B5VW;M3 1JK;C001
CUST47795;Karen;Robinson;Female;1985-08-21;karen.robinson@outlook.com;7297476630;384 Thomas unions;XU5I;B4 2KL;C001
CUST84988;Madison;Elliott;Female;1991-02-26;madison.elliott@outlook.com;7855529295;680 Brown shore;30AN;G5 3LM;C001
CUST25582;Sarah;Davies;Female;2066-04-21;sarah.davies@yahoo.com;7189407346;221 Walker falls;KJRQ;L6 4MN;C001
CUST44062;Samuel;Johnston;Male;2066-05-01;samuel.johnston@gmail.com;7620276730;109 Hill drives;92R4;LS7 5NO;C001
CUST95510;Elizabeth;Butler;Female;2005-04-15;elizabeth.butler@yahoo.com;7420165392;908 Hughes gardens;PYH6;EH8 6OP;C001
CUST43898;George;Noble;Male;2000-08-18;george.noble@hotmail.com;7620302340;523 Davison isle;7W41;BS9 7PQ;C001
CUST33798;Madison;Webb;Female;2002-04-26;madison.webb@gmail.com;7372168303;267 Barton flat;C6WB;S1 8QR;C001
CUST61018;Henry;Green;Male;1994-12-24;henry.green@gmail.com;7329406603;803 Elliot pike;XBR7;NG2 9RS;C001
CUST45870;Patricia;Wood;Female;2006-11-05;patricia.wood@hotmail.com;7997375422;86 Shannon stravenue;Y2VK;E3 0ST;C001
CUST59505;Harry;Conway;Male;2001-03-17;harry.conway@outlook.com;7525668638;633 Martin club;B5VW;M4 1TU;C001
CUST28691;Barbara;Ingram;Female;2000-01-07;barbara.ingram@outlook.com;7562528704;748 Parker meadow;XU5I;B5 2UV;C001
CUST25063;Sarah;Phillips;Female;2002-08-04;sarah.phillips@outlook.com;7717128469;310 Christine mill;30AN;G6 3VW;C001
CUST65944;Abigail;Green;Female;1985-12-25;abigail.green@gmail.com;7229710355;365 Gary streets;KJRQ;L7 4WX;C001
CUST68187;George;Fletcher;Male;1979-10-10;george.fletcher@yahoo.com;7699356134;524 Allen estate;92R4;LS8 5XY;C001
CUST21838;Liam;Barrett;Male;2001-08-11;liam.barrett@gmail.com;7234079849;176 Martin heights;PYH6;EH9 6YZ;C001
CUST17887;William;Brown;Male;1998-07-07;william.brown@yahoo.com;7958470876;811 Ricky key;7W41;BS1 7ZA;C001
CUST70883;Hannah;Smith;Female;2005-04-22;hannah.smith@yahoo.com;7716846350;541 Newman squares;LUVM;N9 9PY;C001
CUST77095;Amber;Thomas;Female;2000-09-19;amber.thomas@yahoo.com;7944354565;649 Martyn wall;OZ9L;ME16 9BJ;C001
CUST77691;Robert;Stewart;Male;2003-04-16;robert.stewart@yahoo.com;7414337188;232 Williams manor;ETXY;LE17 4DY;C001
CUST22491;Samuel;Bennett;Male;2006-09-21;samuel.bennett@outlook.com;7168338561;205 Amelia port;FCPQ;CW5 8HZ;C001
CUST84315;Harry;Jordan;Male;2002-01-04;harry.jordan@gmail.com;7988585601;183 Ross loop;5PXG;PL7 4TA;C001
CUST98734;Nathan;Hudson;Male;1998-08-12;nathan.hudson@hotmail.com;7488268267;459 Martin stravenue;9TD7;TS4 3NP;C001
CUST39558;Samuel;Thomas;Male;2002-10-13;samuel.thomas@yahoo.com;7843494380;417 Long lock;VXGH;GU27 3HU;C001
CUST38410;Olivia;Smith;Female;1994-09-01;olivia.smith@hotmail.com;7678070757;573 Jeffrey ford;FUTM;ML1 9FR;C001
CUST91719;Joseph;Gibson;Male;1976-11-20;joseph.gibson@hotmail.com;7648477843;721 Kirsty place;EHMR;WD6 1YH;C001
CUST66698;Rebecca;Potts;Female;1992-11-15;rebecca.potts@yahoo.com;7750659536;257 Gray ports;3H9C;FY7 6TP;C001
CUST85897;Jasmine;Barry;Female;1995-08-28;jasmine.barry@outlook.com;7160054493;185 John greens;T2YK;NR18 9PB;C001
CUST63432;Zachary;Williams;Male;1991-07-25;zachary.williams@outlook.com;7946254190;716 Liam turnpike;88SJ;SE16 3JF;C001
CUST33281;Sophie;Dunn;Female;1987-12-28;sophie.dunn@yahoo.com;7443121989;804 Rees rapid;CTK1;DY6 9SZ;C001
CUST25896;Mia;Bates;Female;1994-04-05;mia.bates@yahoo.com;7351908534;647 Cheryl hill;O0KZ;B98 0DD;C001
CUST99570;Richard;Collier;Male;2006-06-23;richard.collier@yahoo.com;7590233885;889 Baker summit;MQ4K;NW8 0QJ;C001
CUST39135;Oscar;Norris;Male;1987-04-14;oscar.norris@yahoo.com;7165034172;541 Anderson points;CKAS;PO40 9PQ;C001
CUST94176;Susan;Rees;Female;1971-06-19;susan.rees@hotmail.com;7663504669;707 Newton junction;8JPX;RM17 5LX;C001
CUST36714;Luke;White;Male;1997-05-17;luke.white@outlook.com;7599351328;516 Victoria rue;6JY3;SY25 6LH;C001
CUST58052;Charlotte;Wood;Female;2002-05-18;charlotte.wood@outlook.com;7584829490;513 Rachel views;VCGL;NN12 6HB;C001
CUST61330;Jessica;Shaw;Female;1990-03-12;jessica.shaw@outlook.com;7453259530;542 Hill vista;WIKI;B50 4AP;C001
CUST22825;Riley;Kaur;Other;1983-05-18;riley.kaur@yahoo.com;7293080266;655 Shane key;QIDG;BT46 5DE;C001
CUST84056;Connor;Foster;Male;2000-02-26;connor.foster@outlook.com;7796289506;457 Griffiths prairie;TBBN;GL3 2AB;C001
CUST38918;Luke;Rogers;Male;1989-07-11;luke.rogers@hotmail.com;7281911661;841 Morgan street;KQM4;TN25 4DF;C001
CUST18305;Michael;Sanders;Male;2066-07-18;michael.sanders@yahoo.com;7269209300;402 Joe lake;M80S;HP17 8PG;C001
CUST85527;Patricia;Thomas;Female;2004-02-05;patricia.thomas@yahoo.com;7469815627;802 Duncan tunnel;AWIQ;CM8 1BW;C001
CUST91330;Joseph;Lane;Male;1981-08-09;joseph.lane@outlook.com;7152854885;455 Griffin port;VP49;FK5 4EQ;C001
CUST81247;Hannah;Holland;Female;1998-02-13;hannah.holland@yahoo.com;7647718596;331 Brooks course;18KT;CV10 0SJ;C001
CUST76686;Nathan;Johnson;Male;1992-06-11;nathan.johnson@outlook.com;7542668734;525 Black place;HBU8;M31 4WT;C001
CUST38089;Jake;Dawson;Male;1989-04-10;jake.dawson@yahoo.com;7426485195;235 Jane stream;RR2M;ML11 9PQ;C001
CUST85843;George;Nelson;Male;1980-01-04;george.nelson@hotmail.com;7207202780;562 Hawkins orchard;4I5G;GU27 2NH;C001
CUST81485;Linda;Palmer;Female;2067-06-09;linda.palmer@yahoo.com;7139348514;366 Hyde pass;PNSI;IP14 6RH;C001
CUST51375;Harrison;Palmer;Male;1985-02-14;harrison.palmer@yahoo.com;7710017893;681 Victor grove;AWIQ;CO5 9LH;C001
CUST24703;Victoria;Yates;Female;1993-05-27;victoria.yates@yahoo.com;7609715385;234 Harris club;F1G8;TA5 2LD;C001
CUST44870;Olivia;Thomas;Female;1998-06-01;olivia.thomas@yahoo.com;7192827076;787 Lane squares;XIMF;WD18 7SR;C001
CUST50911;Hannah;Craig;Female;2004-07-27;hannah.craig@yahoo.com;7352470119;998 Boyle isle;FLWK;BT4 2LR;C001
CUST44703;Abigail;Carter;Female;1982-09-13;abigail.carter@gmail.com;7583854573;366 Kathleen summit;QPR3;CH42 4NW;C001
CUST62592;Daniel;George;Male;1998-08-25;daniel.george@hotmail.com;7494907734;807 Holt harbor;IASO;LL11 6FA;C001
CUST62113;Madison;Wright;Female;1992-09-05;madison.wright@yahoo.com;7620554045;836 Ross walk;OEMO;OX2 0FA;C001
CUST46929;David;Morris;Male;1993-02-20;david.morris@yahoo.com;7382028327;566 Elliott spring;6O2Q;S80 3BQ;C001
CUST64351;Patricia;Austin;Female;1998-08-06;patricia.austin@outlook.com;7586769733;472 Abbott plain;S1EO;LL54 5LL;C001
CUST29851;Freya;Turner;Female;2006-01-13;freya.turner@gmail.com;7456692862;531 Thomas forge;DK2V;G60 5JL;C001
CUST99872;Rebecca;Roberts;Female;1994-11-07;rebecca.roberts@gmail.com;7608801494;917 Debra turnpike;8JPX;RM16 4TJ;C001
CUST72643;Amelia;Cooper;Female;2000-06-04;amelia.cooper@hotmail.com;7674222526;866 Louise meadow;9HN1;DY4 0EF;C001
CUST16473;Daisy;Burns;Female;1995-06-14;daisy.burns@outlook.com;7404294243;526 Daly wells;M80S;HP27 9PB;C001
CUST63051;Jake;Cooper;Male;1987-04-18;jake.cooper@outlook.com;7636995774;159 Allen locks;B8ED;WR10 3ER;C001
CUST59728;Phoebe;Holmes;Female;1998-08-26;phoebe.holmes@outlook.com;7286856981;195 Ellie common;WHAI;NG19 0JU;C001
CUST17871;Jennifer;Griffiths;Female;1986-09-16;jennifer.griffiths@yahoo.com;7240446729;175 Nicola gateway;LUVM;EN3 6DF;C001
CUST10684;Nathan;Hill;Male;1991-08-09;nathan.hill@hotmail.com;7440703841;316 Liam haven;33ZJ;AB15 5XZ;C001
CUST55235;Noah;Smith;Male;1982-07-11;noah.smith@hotmail.com;7933417924;491 Jade mission;I1VU;BN14 0RX;C001
CUST64375;Eleanor;Wilkins;Female;1973-05-20;eleanor.wilkins@gmail.com;7647806303;433 Porter island;50YM;IV15 9AA;C001
CUST87411;Jessica;Hussain;Female;1993-02-09;jessica.hussain@outlook.com;7192459703;389 Sharon crest;EN6A;N1 0EQ;C001
CUST48586;Daisy;Jackson;Female;2002-01-06;daisy.jackson@hotmail.com;7454642312;843 Edward mountain;NSGL;SR3 3TR;C001
CUST78497;Richard;Brown;Male;1997-06-26;richard.brown@outlook.com;7421425046;166 Brown views;LR65;MK11 9GB;C001
CUST77641;James;Lowe;Male;1991-02-23;james.lowe@gmail.com;7338125709;703 Alexander pine;KKTS;NR19 1BQ;C001
CUST88616;John;Banks;Male;2000-01-15;john.banks@gmail.com;7609589951;87 Jodie points;OP4Z;OL2 6PN;C001
CUST77390;Karen;Goodwin;Female;1987-12-16;karen.goodwin@hotmail.com;7860018936;466 Jasmine inlet;OIZZ;ST4 6AF;C001
CUST27097;Callum;Wilkinson;Male;1990-07-16;callum.wilkinson@gmail.com;7410746850;634 Moore stravenue;FCPQ;CW5 8JR;C001
CUST57045;Charlotte;Turner;Female;1998-05-13;charlotte.turner@outlook.com;7428906346;725 Fiona islands;TIR3;BA2 4RE;C001
CUST59441;Jayden;Weston;Male;2005-04-18;jayden.weston@outlook.com;7756200104;376 Young pines;9TD7;TS2 1RH;C001
CUST26012;Liam;Giles;Male;2066-06-17;liam.giles@hotmail.com;7549343391;784 Graham shores;RR2M;ML3 8BW;C001
CUST44866;Avery;Watson;Other;1976-09-13;avery.watson@hotmail.com;7885838491;465 Lisa hollow;8K3E;S70 6HQ;C001
CUST69736;Liam;Taylor;Male;1998-08-10;liam.taylor@gmail.com;7922835135;538 Singh prairie;TCTK;WV99 1WN;C001
CUST71075;Amelia;Cox;Female;1971-03-17;amelia.cox@gmail.com;7925610365;476 Cameron expressway;90GY;SW2 5JH;C001
CUST31790;Jennifer;Smith;Female;1973-06-24;jennifer.smith@hotmail.com;7911001734;283 Collins parkways;OZX1;HX2 6EW;C001
CUST84293;Ellie;Page;Female;1993-12-03;ellie.page@yahoo.com;7949357347;763 Abdul forge;DM6K;TQ6 0FW;C001
CUST34002;Thomas;Bennett;Male;2006-04-05;thomas.bennett@yahoo.com;7768824082;729 Mathew mount;CYZW;NW4 4XR;C001
CUST37070;Daisy;Price;Female;2002-12-16;daisy.price@gmail.com;7206536916;661 McLean hill;OEFU;GL13 9JY;C001
CUST16709;Hannah;Moore;Female;2001-07-08;hannah.moore@outlook.com;7328096830;451 Lawson circle;LGNJ;CM0 8JX;C001
CUST35436;Harrison;Bryan;Male;1989-11-21;harrison.bryan@outlook.com;7358438463;895 Charlton camp;FCJ9;BS40 7RL;C001
CUST42614;Isla;Hayes;Female;2002-05-22;isla.hayes@gmail.com;7638984812;716 Miles mall;WL8C;NG31 7UN;C001
CUST69326;Karen;Collins;Female;2006-03-06;karen.collins@hotmail.com;7385775014;799 Albert pass;87US;HP23 6DW;C001
CUST88893;Patricia;James;Female;1995-01-21;patricia.james@gmail.com;7798724769;235 Griffin via;285N;EX34 0DU;C001
CUST72791;Noah;Thomas;Male;2000-01-22;noah.thomas@gmail.com;7535532205;847 Ali port;LBSJ;W4 5TH;C001
CUST46633;Dakota;Hayward;Other;1999-04-20;dakota.hayward@hotmail.com;7262201801;489 Potter junctions;OZX1;HX6 2AE;C001
CUST94218;Anna;Richardson;Female;1998-09-24;anna.richardson@yahoo.com;7768865683;798 Diane circles;55V0;BN10 8DL;C001
CUST63114;Victoria;Thomas;Female;2000-04-28;victoria.thomas@yahoo.com;7463877698;813 Williamson pass;FUTM;G69 9FG;C001
CUST43803;Sophie;Allen;Female;1988-11-10;sophie.allen@yahoo.com;7977097954;729 Joyce plains;5GTL;EX15 3BA;C001
CUST82809;Ellie;Wells;Female;1988-01-08;ellie.wells@gmail.com;7667066174;55 Howard pike;S740;BD12 8BN;C001
CUST33417;Patricia;Brown;Female;1998-01-11;patricia.brown@hotmail.com;7636423238;968 Jay parkways;OEMO;OX3 0HN;C001
CUST92608;Patricia;Marshall;Female;2005-07-20;patricia.marshall@outlook.com;7309301291;124 Williams street;PL3P;DE23 1GJ;C001
CUST24560;Abigail;Brennan;Female;1996-06-01;abigail.brennan@hotmail.com;7461077030;185 Rosie pass;W2E9;GU22 8HE;C001
CUST56201;Connor;Anderson;Male;1998-06-07;connor.anderson@hotmail.com;7818680159;98 Bethany forge;ZTER;CT13 0NG;C001
CUST17849;Eden;Stone;Other;2067-08-27;eden.stone@gmail.com;7645295257;350 Thomas stravenue;RC3H;NN15 4AZ;C001
CUST17400;Connor;Rowley;Male;1997-06-03;connor.rowley@hotmail.com;7978256826;517 Callum squares;8OY9;DN16 1NB;C001
CUST60232;Ryan;Jackson;Male;2003-09-22;ryan.jackson@outlook.com;7379406663;980 Hussain lodge;7NOY;PR25 5SQ;C001
CUST37888;Skyler;Smith;Other;2004-11-18;skyler.smith@yahoo.com;7846853255;91 Bryan mill;CKAS;PO33 3AA;C001
CUST57770;Rebecca;Patel;Female;2001-05-10;rebecca.patel@outlook.com;7234333352;865 Randall flat;RTLN;EX5 1FZ;C001
CUST30672;Ethan;Newman;Male;2000-07-04;ethan.newman@outlook.com;7729087076;49 Porter stream;VXGH;PO19 9YU;C001
CUST97404;Alexis;Walker;Other;1976-05-25;alexis.walker@hotmail.com;7651933794;108 Barker greens;P7KP;EX2 8PQ;C001
CUST45242;Elizabeth;Patel;Female;1998-09-28;elizabeth.patel@outlook.com;7728694436;789 Bird land;QPR3;CH63 9FS;C001
CUST58041;Harry;Clark;Male;1977-08-27;harry.clark@yahoo.com;7190307439;396 Tom rue;QFKA;DN21 2JQ;C001
CUST33906;Madison;Walton;Female;2002-11-15;madison.walton@gmail.com;7581688808;208 Baldwin station;I1VU;BN17 6FF;C001
CUST73745;Adam;Jackson;Male;2001-01-23;adam.jackson@yahoo.com;7887476979;217 Adam field;G8OY;L31 6AZ;C001
CUST57282;John;Richardson;Male;1992-06-14;john.richardson@yahoo.com;7647314033;755 Dorothy centers;QIDG;BT45 7TJ;C001
CUST34775;Oliver;Khan;Male;2006-08-11;oliver.khan@hotmail.com;7388155598;378 Samuel harbors;HEYC;AB43 9PR;C001
CUST75186;Holly;Parkin;Female;2065-07-10;holly.parkin@hotmail.com;7223862083;249 Richardson roads;V1R1;NP12 2HT;C001
CUST22336;Freya;Martin;Female;1997-06-28;freya.martin@yahoo.com;7415571840;609 Johnston manors;XUH0;DD7 7QS;C001
CUST19402;Lewis;Simmons;Male;1995-10-07;lewis.simmons@hotmail.com;7435205249;616 Williams fields;XUH0;DD8 4RP;C001
CUST18587;Liam;Martin;Male;1986-04-24;liam.martin@gmail.com;7801599845;387 Robert mission;S740;LS29 8QD;C001
CUST23148;Joshua;Bishop;Male;1990-10-04;joshua.bishop@hotmail.com;7995782548;617 Reynolds locks;LBCK;YO7 4LG;C001
CUST14706;Amelia;Howard;Female;1993-07-18;amelia.howard@yahoo.com;7902377862;615 Mitchell grove;3UIK;SE9 6BP;C001
CUST23036;Charles;Dobson;Male;2002-04-05;charles.dobson@hotmail.com;7346238374;642 Ferguson inlet;9TD7;TS1 1JT;C001
CUST80338;Benjamin;Hayward;Male;1986-12-05;benjamin.hayward@hotmail.com;7475850634;486 Natalie centers;LUVM;EN2 7EU;C001
CUST67095;Oscar;Taylor;Male;1972-07-24;oscar.taylor@hotmail.com;7245320168;727 Palmer course;FUTM;ML2 9NQ;C001
CUST88678;Isabella;Reid;Female;1998-02-17;isabella.reid@gmail.com;7677367957;819 Gallagher light;GM16;LU5 5RQ;C001
CUST51812;Mia;Scott;Female;1998-06-11;mia.scott@outlook.com;7628664757;586 Moore estate;FF62;SM6 7PF;C001
CUST80061;Finley;Fuller;Other;1997-08-19;finley.fuller@hotmail.com;7320837573;467 Wheeler green;BRXH;LU2 7DY;C001
CUST85597;Isla;Hall;Female;2067-03-17;isla.hall@hotmail.com;7889106264;822 Smith islands;KK6M;EH21 7TS;C001
CUST29860;Amelia;Marshall;Female;2001-08-23;amelia.marshall@outlook.com;7607638141;996 Pritchard knoll;AWIQ;CM7 1BT;C001
CUST73382;Sarah;Ellis;Female;2002-10-11;sarah.ellis@yahoo.com;7392853272;987 Cross street;BELP;BR5 3HX;C001
CUST20489;Victoria;Evans;Female;1989-11-19;victoria.evans@gmail.com;7998080837;480 Molly islands;AWIQ;CO9 4AH;C001
CUST89263;Charlotte;Ali;Female;2005-09-26;charlotte.ali@yahoo.com;7988091825;761 Henderson court;MCQM;LA20 6EX;C001
CUST74276;Ryan;Moore;Male;2000-03-23;ryan.moore@gmail.com;7421517490;256 Barbara island;WXC9;PE20 2PF;C001
CUST60953;William;Foster;Male;1989-01-13;william.foster@yahoo.com;7967350924;187 Francis throughway;8GPB;S43 1BQ;C001
CUST47316;Joshua;Clark;Male;2002-08-04;joshua.clark@yahoo.com;7752647189;916 Elizabeth spurs;FF6K;EC1R 4PN;C001
CUST41831;Harriet;Harrison;Female;1987-08-03;harriet.harrison@outlook.com;7439031226;235 Molly heights;9BH5;NE6 4YE;C001
CUST31549;Harriet;Morris;Female;1987-03-13;harriet.morris@gmail.com;7390142339;186 Shaun lights;5PXG;PL3 5NE;C001
CUST42074;Jayden;Black;Male;2006-01-18;jayden.black@yahoo.com;7127965226;493 Shannon row;EHMR;WD7 7ET;C001
CUST99485;Amber;Hammond;Female;1997-07-14;amber.hammond@gmail.com;7981200013;19 Helen isle;QPR3;CH47 2AP;C001
CUST60439;Matthew;Harding;Male;2003-02-04;matthew.harding@gmail.com;7710826243;146 Graham roads;X5VV;WF7 5FP;C001
CUST29771;Charlie;Nicholls;Male;1990-05-09;charlie.nicholls@gmail.com;7827193022;579 Adams mountains;CYZW;HA8 0RB;C001
CUST86841;Samuel;Roberts;Male;1998-07-25;samuel.roberts@yahoo.com;7761785709;399 Williams junctions;LUVM;EN2 7QA;C001
CUST83289;Thomas;Hayes;Male;1994-11-27;thomas.hayes@gmail.com;7894138292;268 Gardner inlet;KQM4;TN25 4DP;C001
CUST17154;Madison;Ali;Female;1999-11-21;madison.ali@yahoo.com;7597942229;779 Newton trace;YXXF;CB8 9HN;C001
CUST77494;Erin;Potts;Female;1989-07-07;erin.potts@gmail.com;7705815195;196 Vaughan road;PE0T;WS11 7XL;C001
CUST18781;Rebecca;Adams;Female;1989-07-03;rebecca.adams@outlook.com;7783632583;175 Lynn squares;WXC9;PE21 7LE;C001
CUST82626;Edward;Doyle;Male;2002-11-27;edward.doyle@yahoo.com;7241883961;491 Matthews view;LBF0;PE12 9BN;C001
CUST16905;Emma;Brady;Female;1988-04-21;emma.brady@hotmail.com;7255644753;61 Lindsey view;5PXG;PL1 2LG;C001
CUST47908;Jack;Lee;Male;2005-03-27;jack.lee@hotmail.com;7557059812;104 Dawn branch;NUXK;BT19 1AF;C001
CUST31669;Elizabeth;Morgan;Female;1971-12-25;elizabeth.morgan@gmail.com;7197156167;309 Price mount;NOJZ;BN1 7GG;C001
CUST38676;Charles;Fuller;Male;1971-07-23;charles.fuller@gmail.com;7407639228;578 Rachael isle;FCJ9;BS24 8FY;C001
CUST36239;Jennifer;Smith;Female;1991-12-02;jennifer.smith@gmail.com;7439594043;311 Richard ports;UQFU;TQ12 6EG;C001
